"memInst","ctlrID","repairType","wordCount","wordSize","colMux","memBlock","block","efuseCfg","memIDBits","memIDSeq","memStartAddr","memEndAddr","numSlices","rgs[1]","rds[1]","wordStart[1]","wordStop[1]","rgs[2]","rds[2]","wordStart[2]","wordStop[2]","rgs[3]","rds[3]","wordStart[3]","wordStop[3]","rgs[4]","rds[4]","wordStart[4]","wordStop[4]","rgs[5]","rds[5]","wordStart[5]","wordStop[5]","rgs[6]","rds[6]","wordStart[6]","wordStop[6]","rgs[7]","rds[7]","wordStart[7]","wordStop[7]","rgs[8]","rds[8]","wordStart[8]","wordStop[8]","Suite name","Test name"
878,15,-1,48,54,2,1,0,0,0,0,0,47,2,0x1E,0x08,1,32,0x1E,0x09,1,22
879,15,-1,64,48,1,1,0,0,0,0,0,63,2,0x10,0x01,1,32,0x10,0x02,1,16
880,15,-1,256,52,2,1,0,0,0,0,0,255,2,0x37,0x06,1,32,0x37,0x07,1,20
881,15,-1,256,12,4,1,0,0,0,0,0,255,1,0x22,0x04,1,12
882,15,-1,256,52,2,1,0,0,0,0,0,255,2,0x34,0x0A,1,32,0x34,0x0B,1,20
883,15,-1,48,24,2,1,0,0,0,0,0,47,1,0x1E,0x12,1,24
884,15,-1,64,200,2,1,0,0,0,0,0,63,7,0x16,0x07,1,32,0x16,0x08,1,32,0x16,0x09,1,32,0x16,0x0A,1,32,0x16,0x0B,1,32,0x16,0x0C,1,32,0x16,0x0D,1,8
885,15,-1,384,22,2,1,0,0,0,0,0,383,1,0x12,0x03,1,22
887,15,-1,64,200,2,1,0,0,0,0,0,63,7,0x14,0x07,1,32,0x14,0x08,1,32,0x14,0x09,1,32,0x14,0x0A,1,32,0x14,0x0B,1,32,0x14,0x0C,1,32,0x14,0x0D,1,8
888,15,-1,64,180,1,1,0,0,0,0,0,63,6,0x1A,0x00,1,32,0x1A,0x01,1,32,0x1A,0x02,1,32,0x1A,0x03,1,32,0x1A,0x04,1,32,0x1A,0x05,1,20
889,15,-1,128,20,2,1,0,0,0,0,0,127,1,0x17,0x1A,1,20
890,15,-1,48,54,2,1,0,0,0,0,0,47,2,0x1E,0x04,1,32,0x1E,0x05,1,22
891,15,-1,64,200,2,1,0,0,0,0,0,63,7,0x17,0x07,1,32,0x17,0x08,1,32,0x17,0x09,1,32,0x17,0x0A,1,32,0x17,0x0B,1,32,0x17,0x0C,1,32,0x17,0x0D,1,8
892,15,-1,256,52,2,1,0,0,0,0,0,255,2,0x31,0x0A,1,32,0x31,0x0B,1,20
893,15,-1,64,180,1,1,0,0,0,0,0,63,6,0x1B,0x00,1,32,0x1B,0x01,1,32,0x1B,0x02,1,32,0x1B,0x03,1,32,0x1B,0x04,1,32,0x1B,0x05,1,20
894,15,-1,64,180,2,1,0,0,0,0,0,63,6,0x14,0x0E,1,32,0x14,0x0F,1,32,0x14,0x10,1,32,0x14,0x11,1,32,0x14,0x12,1,32,0x14,0x13,1,20
895,15,-1,256,52,2,1,0,0,0,0,0,255,2,0x30,0x00,1,32,0x30,0x01,1,20
896,15,-1,256,52,2,1,0,0,0,0,0,255,2,0x36,0x04,1,32,0x36,0x05,1,20
897,15,-1,256,12,4,1,0,0,0,0,0,255,1,0x2A,0x03,1,12
898,15,-1,24,130,2,1,0,0,0,0,0,23,5,0x18,0x0B,1,32,0x18,0x0C,1,32,0x18,0x0D,1,32,0x18,0x0E,1,32,0x18,0x0F,1,2
899,15,-1,72,54,2,1,0,0,0,0,0,71,2,0x1D,0x05,1,32,0x1D,0x06,1,22
900,15,-1,256,52,2,1,0,0,0,0,0,255,2,0x36,0x10,1,32,0x36,0x11,1,20
901,15,-1,256,52,2,1,0,0,0,0,0,255,2,0x31,0x02,1,32,0x31,0x03,1,20
902,15,-1,24,176,2,1,0,0,0,0,0,23,6,0x19,0x10,1,32,0x19,0x11,1,32,0x19,0x12,1,32,0x19,0x13,1,32,0x19,0x14,1,32,0x19,0x15,1,16
904,15,-1,256,10,2,1,0,0,0,0,0,255,1,0x1E,0x1B,1,10
905,15,-1,24,176,2,1,0,0,0,0,0,23,6,0x1B,0x10,1,32,0x1B,0x11,1,32,0x1B,0x12,1,32,0x1B,0x13,1,32,0x1B,0x14,1,32,0x1B,0x15,1,16
906,15,-1,256,52,2,1,0,0,0,0,0,255,2,0x35,0x10,1,32,0x35,0x11,1,20
907,15,-1,72,64,1,1,0,0,0,0,0,71,2,0x1D,0x0A,1,32,0x1D,0x0B,1,32
908,15,-1,64,180,2,1,0,0,0,0,0,63,6,0x16,0x14,1,32,0x16,0x15,1,32,0x16,0x16,1,32,0x16,0x17,1,32,0x16,0x18,1,32,0x16,0x19,1,20
909,15,-1,64,166,2,1,0,0,0,0,0,63,6,0x50,0x12,1,32,0x50,0x13,1,32,0x50,0x14,1,32,0x50,0x15,1,32,0x50,0x16,1,32,0x50,0x17,1,6
911,15,-1,48,64,1,1,0,0,0,0,0,47,2,0x1E,0x15,1,32,0x1E,0x16,1,32
912,15,-1,256,10,2,1,0,0,0,0,0,255,1,0x1C,0x0B,1,10
913,15,-1,64,170,2,1,0,0,0,0,0,63,6,0x50,0x06,1,32,0x50,0x07,1,32,0x50,0x08,1,32,0x50,0x09,1,32,0x50,0x0A,1,32,0x50,0x0B,1,10
914,15,-1,32,144,2,1,0,0,0,0,0,31,5,0x50,0x00,1,32,0x50,0x01,1,32,0x50,0x02,1,32,0x50,0x03,1,32,0x50,0x04,1,16
916,15,-1,24,130,2,1,0,0,0,0,0,23,5,0x18,0x06,1,32,0x18,0x07,1,32,0x18,0x08,1,32,0x18,0x09,1,32,0x18,0x0A,1,2
917,15,-1,32768,32,32,1,0,0,0,0,0,32767,1,0x00,0x00,1,32
919,15,-1,256,52,2,1,0,0,0,0,0,255,2,0x33,0x02,1,32,0x33,0x03,1,20
920,15,-1,256,12,4,1,0,0,0,0,0,255,1,0x28,0x06,1,12
921,15,-1,64,140,2,1,0,0,0,0,0,63,5,0x51,0x02,1,32,0x51,0x03,1,32,0x51,0x04,1,32,0x51,0x05,1,32,0x51,0x06,1,12
922,15,-1,96,128,2,1,0,0,0,0,0,95,4,0x1C,0x13,1,32,0x1C,0x14,1,32,0x1C,0x15,1,32,0x1C,0x16,1,32
923,15,-1,384,18,2,1,0,0,0,0,0,383,1,0x10,0x07,1,18
925,15,-1,256,52,2,1,0,0,0,0,0,255,2,0x35,0x00,1,32,0x35,0x01,1,20
926,15,-1,1024,12,4,1,0,0,0,0,0,1023,1,0x12,0x00,1,12
927,15,-1,64,180,2,1,0,0,0,0,0,63,6,0x15,0x14,1,32,0x15,0x15,1,32,0x15,0x16,1,32,0x15,0x17,1,32,0x15,0x18,1,32,0x15,0x19,1,20
928,15,-1,1024,12,4,1,0,0,0,0,0,1023,1,0x11,0x00,1,12
929,15,-1,256,52,2,1,0,0,0,0,0,255,2,0x37,0x02,1,32,0x37,0x03,1,20
930,15,-1,64,36,2,1,0,0,0,0,0,63,2,0x1F,0x12,1,32,0x1F,0x13,1,4
931,15,-1,64,48,1,1,0,0,0,0,0,63,2,0x11,0x01,1,32,0x11,0x02,1,16
932,15,-1,256,52,2,1,0,0,0,0,0,255,2,0x31,0x0E,1,32,0x31,0x0F,1,20
933,15,-1,256,26,4,1,0,0,0,0,0,255,1,0x20,0x00,1,26
934,15,-1,256,12,2,1,0,0,0,0,0,255,1,0x1C,0x02,1,12
935,15,-1,256,12,4,1,0,0,0,0,0,255,1,0x23,0x06,1,12
936,15,-1,384,18,2,1,0,0,0,0,0,383,1,0x11,0x07,1,18
937,15,-1,256,12,4,1,0,0,0,0,0,255,1,0x26,0x04,1,12
938,15,-1,256,52,2,1,0,0,0,0,0,255,2,0x34,0x08,1,32,0x34,0x09,1,20
939,15,-1,256,26,4,1,0,0,0,0,0,255,1,0x27,0x00,1,26
940,15,-1,256,52,2,1,0,0,0,0,0,255,2,0x33,0x0E,1,32,0x33,0x0F,1,20
941,15,-1,256,12,4,1,0,0,0,0,0,255,1,0x21,0x04,1,12
942,15,-1,64,36,2,1,0,0,0,0,0,63,2,0x1F,0x0E,1,32,0x1F,0x0F,1,4
944,15,-1,256,52,2,1,0,0,0,0,0,255,2,0x37,0x04,1,32,0x37,0x05,1,20
945,15,-1,64,200,2,1,0,0,0,0,0,63,7,0x15,0x00,1,32,0x15,0x01,1,32,0x15,0x02,1,32,0x15,0x03,1,32,0x15,0x04,1,32,0x15,0x05,1,32,0x15,0x06,1,8
946,15,-1,96,76,2,1,0,0,0,0,0,95,3,0x1E,0x0D,1,32,0x1E,0x0E,1,32,0x1E,0x0F,1,12
947,15,-1,256,52,2,1,0,0,0,0,0,255,2,0x32,0x02,1,32,0x32,0x03,1,20
948,15,-1,384,20,2,1,0,0,0,0,0,383,1,0x11,0x06,1,20
949,15,-1,256,52,2,1,0,0,0,0,0,255,2,0x34,0x00,1,32,0x34,0x01,1,20
950,15,-1,96,128,2,1,0,0,0,0,0,95,4,0x1C,0x07,1,32,0x1C,0x08,1,32,0x1C,0x09,1,32,0x1C,0x0A,1,32
951,15,-1,64,36,2,1,0,0,0,0,0,63,2,0x1F,0x16,1,32,0x1F,0x17,1,4
952,15,-1,256,12,4,1,0,0,0,0,0,255,1,0x29,0x05,1,12
953,15,-1,24,176,2,1,0,0,0,0,0,23,6,0x1A,0x10,1,32,0x1A,0x11,1,32,0x1A,0x12,1,32,0x1A,0x13,1,32,0x1A,0x14,1,32,0x1A,0x15,1,16
954,15,-1,256,52,2,1,0,0,0,0,0,255,2,0x30,0x06,1,32,0x30,0x07,1,20
955,15,-1,64,180,2,1,0,0,0,0,0,63,6,0x17,0x0E,1,32,0x17,0x0F,1,32,0x17,0x10,1,32,0x17,0x11,1,32,0x17,0x12,1,32,0x17,0x13,1,20
956,15,-1,256,52,2,1,0,0,0,0,0,255,2,0x37,0x0E,1,32,0x37,0x0F,1,20
957,15,-1,48,48,1,1,0,0,0,0,0,47,2,0x1E,0x1C,1,32,0x1E,0x1D,1,16
958,15,-1,64,180,1,1,0,0,0,0,0,63,6,0x18,0x00,1,32,0x18,0x01,1,32,0x18,0x02,1,32,0x18,0x03,1,32,0x18,0x04,1,32,0x18,0x05,1,20
959,15,-1,64,200,2,1,0,0,0,0,0,63,7,0x16,0x00,1,32,0x16,0x01,1,32,0x16,0x02,1,32,0x16,0x03,1,32,0x16,0x04,1,32,0x16,0x05,1,32,0x16,0x06,1,8
960,15,-1,128,20,2,1,0,0,0,0,0,127,1,0x16,0x1A,1,20
961,15,-1,72,32,2,1,0,0,0,0,0,71,1,0x40,0x02,1,32
962,15,-1,128,44,2,1,0,0,0,0,0,127,2,0x3C,0x02,1,32,0x3C,0x03,1,12
964,15,-1,32,170,2,1,0,0,0,0,0,31,6,0x51,0x07,1,32,0x51,0x08,1,32,0x51,0x09,1,32,0x51,0x0A,1,32,0x51,0x0B,1,32,0x51,0x0C,1,10
965,15,-1,384,22,2,1,0,0,0,0,0,383,1,0x12,0x04,1,22
966,15,-1,384,22,2,1,0,0,0,0,0,383,1,0x13,0x04,1,22
967,15,-1,64,46,2,1,0,0,0,0,0,63,2,0x2F,0x08,1,32,0x2F,0x09,1,14
968,15,-1,64,166,2,1,0,0,0,0,0,63,6,0x50,0x0C,1,32,0x50,0x0D,1,32,0x50,0x0E,1,32,0x50,0x0F,1,32,0x50,0x10,1,32,0x50,0x11,1,6
969,15,-1,48,38,2,1,0,0,0,0,0,47,2,0x1E,0x13,1,32,0x1E,0x14,1,6
970,15,-1,24,130,2,1,0,0,0,0,0,23,5,0x1A,0x0B,1,32,0x1A,0x0C,1,32,0x1A,0x0D,1,32,0x1A,0x0E,1,32,0x1A,0x0F,1,2
971,15,-1,64,36,2,1,0,0,0,0,0,63,2,0x1F,0x08,1,32,0x1F,0x09,1,4
973,15,-1,256,52,2,1,0,0,0,0,0,255,2,0x36,0x0E,1,32,0x36,0x0F,1,20
974,15,-1,64,48,1,1,0,0,0,0,0,63,2,0x13,0x01,1,32,0x13,0x02,1,16
977,15,-1,24,130,2,1,0,0,0,0,0,23,5,0x1A,0x06,1,32,0x1A,0x07,1,32,0x1A,0x08,1,32,0x1A,0x09,1,32,0x1A,0x0A,1,2
978,15,-1,64,200,2,1,0,0,0,0,0,63,7,0x17,0x00,1,32,0x17,0x01,1,32,0x17,0x02,1,32,0x17,0x03,1,32,0x17,0x04,1,32,0x17,0x05,1,32,0x17,0x06,1,8
981,15,-1,64,180,2,1,0,0,0,0,0,63,6,0x16,0x0E,1,32,0x16,0x0F,1,32,0x16,0x10,1,32,0x16,0x11,1,32,0x16,0x12,1,32,0x16,0x13,1,20
982,15,-1,24,176,2,1,0,0,0,0,0,23,6,0x18,0x10,1,32,0x18,0x11,1,32,0x18,0x12,1,32,0x18,0x13,1,32,0x18,0x14,1,32,0x18,0x15,1,16
984,15,-1,256,12,4,1,0,0,0,0,0,255,1,0x2D,0x04,1,12
985,15,-1,64,46,2,1,0,0,0,0,0,63,2,0x2F,0x04,1,32,0x2F,0x05,1,14
986,15,-1,144,128,2,1,0,0,0,0,0,143,4,0x1C,0x03,1,32,0x1C,0x04,1,32,0x1C,0x05,1,32,0x1C,0x06,1,32
987,15,-1,64,200,2,1,0,0,0,0,0,63,7,0x14,0x00,1,32,0x14,0x01,1,32,0x14,0x02,1,32,0x14,0x03,1,32,0x14,0x04,1,32,0x14,0x05,1,32,0x14,0x06,1,8
989,15,-1,256,52,2,1,0,0,0,0,0,255,2,0x35,0x0E,1,32,0x35,0x0F,1,20
990,15,-1,72,88,2,1,0,0,0,0,0,71,3,0x1D,0x07,1,32,0x1D,0x08,1,32,0x1D,0x09,1,24
991,15,-1,256,12,4,1,0,0,0,0,0,255,1,0x2A,0x00,1,12
992,15,-1,128,44,2,1,0,0,0,0,0,127,2,0x3C,0x06,1,32,0x3C,0x07,1,12
994,15,-1,256,52,2,1,0,0,0,0,0,255,2,0x32,0x0A,1,32,0x32,0x0B,1,20
995,15,-1,64,180,2,1,0,0,0,0,0,63,6,0x15,0x0E,1,32,0x15,0x0F,1,32,0x15,0x10,1,32,0x15,0x11,1,32,0x15,0x12,1,32,0x15,0x13,1,20
996,15,-1,256,52,2,1,0,0,0,0,0,255,2,0x37,0x10,1,32,0x37,0x11,1,20
997,15,-1,256,52,2,1,0,0,0,0,0,255,2,0x37,0x0C,1,32,0x37,0x0D,1,20
998,15,-1,64,36,2,1,0,0,0,0,0,63,2,0x1F,0x10,1,32,0x1F,0x11,1,4
999,15,-1,256,52,2,1,0,0,0,0,0,255,2,0x35,0x08,1,32,0x35,0x09,1,20
1000,15,-1,256,52,2,1,0,0,0,0,0,255,2,0x35,0x02,1,32,0x35,0x03,1,20
1001,15,-1,64,180,2,1,0,0,0,0,0,63,6,0x17,0x14,1,32,0x17,0x15,1,32,0x17,0x16,1,32,0x17,0x17,1,32,0x17,0x18,1,32,0x17,0x19,1,20
1002,15,-1,256,12,4,1,0,0,0,0,0,255,1,0x29,0x06,1,12
1003,15,-1,256,52,2,1,0,0,0,0,0,255,2,0x32,0x00,1,32,0x32,0x01,1,20
1004,15,-1,256,12,4,1,0,0,0,0,0,255,1,0x25,0x00,1,12
1005,15,-1,64,12,2,1,0,0,0,0,0,63,1,0x1F,0x03,1,12
1006,15,-1,256,12,4,1,0,0,0,0,0,255,1,0x2B,0x00,1,12
1007,15,-1,256,52,2,1,0,0,0,0,0,255,2,0x37,0x08,1,32,0x37,0x09,1,20
1008,15,-1,64,54,2,1,0,0,0,0,0,63,2,0x3C,0x00,1,32,0x3C,0x01,1,22
1009,15,-1,24,130,2,1,0,0,0,0,0,23,5,0x19,0x06,1,32,0x19,0x07,1,32,0x19,0x08,1,32,0x19,0x09,1,32,0x19,0x0A,1,2
1010,15,-1,256,12,4,1,0,0,0,0,0,255,1,0x25,0x07,1,12
1011,15,-1,256,52,2,1,0,0,0,0,0,255,2,0x34,0x06,1,32,0x34,0x07,1,20
1013,15,-1,384,22,2,1,0,0,0,0,0,383,1,0x10,0x04,1,22
1014,15,-1,128,26,2,1,0,0,0,0,0,127,1,0x41,0x03,1,26
1015,15,-1,256,12,4,1,0,0,0,0,0,255,1,0x22,0x05,1,12
1017,15,-1,256,18,4,1,0,0,0,0,0,255,1,0x51,0x01,1,18
1018,15,-1,64,12,2,1,0,0,0,0,0,63,1,0x3D,0x00,1,12
1019,15,-1,256,52,2,1,0,0,0,0,0,255,2,0x33,0x0C,1,32,0x33,0x0D,1,20
1020,15,-1,384,18,2,1,0,0,0,0,0,383,1,0x13,0x07,1,18
1021,15,-1,256,52,2,1,0,0,0,0,0,255,2,0x32,0x10,1,32,0x32,0x11,1,20
1022,15,-1,72,32,2,1,0,0,0,0,0,71,1,0x40,0x03,1,32
1023,15,-1,256,12,2,1,0,0,0,0,0,255,1,0x1C,0x0E,1,12
1024,15,-1,64,46,2,1,0,0,0,0,0,63,2,0x2F,0x0A,1,32,0x2F,0x0B,1,14
1025,15,-1,64,180,2,1,0,0,0,0,0,63,6,0x14,0x14,1,32,0x14,0x15,1,32,0x14,0x16,1,32,0x14,0x17,1,32,0x14,0x18,1,32,0x14,0x19,1,20
1026,15,-1,256,12,4,1,0,0,0,0,0,255,1,0x28,0x00,1,12
1027,15,-1,384,18,2,1,0,0,0,0,0,383,1,0x10,0x08,1,18
1028,15,-1,128,64,2,1,0,0,0,0,0,127,2,0x40,0x00,1,32,0x40,0x01,1,32
1029,15,-1,256,12,4,1,0,0,0,0,0,255,1,0x21,0x03,1,12
1031,15,-1,64,46,2,1,0,0,0,0,0,63,2,0x2F,0x02,1,32,0x2F,0x03,1,14
1032,15,-1,64,46,2,1,0,0,0,0,0,63,2,0x2F,0x00,1,32,0x2F,0x01,1,14
1033,15,-1,64,36,2,1,0,0,0,0,0,63,2,0x1F,0x14,1,32,0x1F,0x15,1,4
1034,15,-1,96,76,2,1,0,0,0,0,0,95,3,0x1E,0x0A,1,32,0x1E,0x0B,1,32,0x1E,0x0C,1,12
1036,15,-1,256,52,2,1,0,0,0,0,0,255,2,0x30,0x08,1,32,0x30,0x09,1,20
1037,15,-1,256,12,4,1,0,0,0,0,0,255,1,0x22,0x06,1,12
1038,15,-1,256,12,4,1,0,0,0,0,0,255,1,0x2D,0x03,1,12
1039,15,-1,384,22,2,1,0,0,0,0,0,383,1,0x11,0x04,1,22
1040,15,-1,64,200,2,1,0,0,0,0,0,63,7,0x15,0x07,1,32,0x15,0x08,1,32,0x15,0x09,1,32,0x15,0x0A,1,32,0x15,0x0B,1,32,0x15,0x0C,1,32,0x15,0x0D,1,8
1042,15,-1,256,52,2,1,0,0,0,0,0,255,2,0x30,0x0E,1,32,0x30,0x0F,1,20
1043,15,-1,256,52,2,1,0,0,0,0,0,255,2,0x33,0x0A,1,32,0x33,0x0B,1,20
1045,15,-1,128,20,2,1,0,0,0,0,0,127,1,0x15,0x1A,1,20
1046,15,-1,256,12,4,1,0,0,0,0,0,255,1,0x24,0x07,1,12
1047,15,-1,256,12,4,1,0,0,0,0,0,255,1,0x23,0x07,1,12
1048,15,-1,256,52,2,1,0,0,0,0,0,255,2,0x32,0x0E,1,32,0x32,0x0F,1,20
1049,15,-1,256,18,4,1,0,0,0,0,0,255,1,0x50,0x05,1,18
1050,15,-1,384,16,2,1,0,0,0,0,0,383,1,0x12,0x09,1,16
1051,15,-1,256,52,2,1,0,0,0,0,0,255,2,0x30,0x04,1,32,0x30,0x05,1,20
1052,15,-1,256,12,4,1,0,0,0,0,0,255,1,0x26,0x07,1,12
1054,15,-1,256,52,2,1,0,0,0,0,0,255,2,0x33,0x10,1,32,0x33,0x11,1,20
1055,15,-1,256,12,4,1,0,0,0,0,0,255,1,0x2D,0x00,1,12
1056,15,-1,24,130,2,1,0,0,0,0,0,23,5,0x1B,0x0B,1,32,0x1B,0x0C,1,32,0x1B,0x0D,1,32,0x1B,0x0E,1,32,0x1B,0x0F,1,2
1057,15,-1,256,12,4,1,0,0,0,0,0,255,1,0x2A,0x01,1,12
1058,15,-1,24,130,2,1,0,0,0,0,0,23,5,0x19,0x0B,1,32,0x19,0x0C,1,32,0x19,0x0D,1,32,0x19,0x0E,1,32,0x19,0x0F,1,2
1059,15,-1,72,32,2,1,0,0,0,0,0,71,1,0x1D,0x03,1,32
1060,15,-1,256,52,2,1,0,0,0,0,0,255,2,0x36,0x06,1,32,0x36,0x07,1,20
1061,15,-1,256,52,2,1,0,0,0,0,0,255,2,0x31,0x06,1,32,0x31,0x07,1,20
1063,15,-1,256,8,4,1,0,0,0,0,0,255,1,0x51,0x00,1,8
1064,15,-1,256,52,2,1,0,0,0,0,0,255,2,0x31,0x00,1,32,0x31,0x01,1,20
1065,15,-1,256,12,4,1,0,0,0,0,0,255,1,0x22,0x01,1,12
1066,15,-1,256,12,4,1,0,0,0,0,0,255,1,0x24,0x00,1,12
1067,15,-1,256,12,4,1,0,0,0,0,0,255,1,0x25,0x01,1,12
1069,15,-1,256,52,2,1,0,0,0,0,0,255,2,0x34,0x02,1,32,0x34,0x03,1,20
1071,15,-1,128,20,2,1,0,0,0,0,0,127,1,0x17,0x1B,1,20
1072,15,-1,128,26,2,1,0,0,0,0,0,127,1,0x41,0x04,1,26
1073,15,-1,64,36,2,1,0,0,0,0,0,63,2,0x1F,0x0C,1,32,0x1F,0x0D,1,4
1074,15,-1,144,128,2,1,0,0,0,0,0,143,4,0x1C,0x0F,1,32,0x1C,0x10,1,32,0x1C,0x11,1,32,0x1C,0x12,1,32
1075,15,-1,256,52,2,1,0,0,0,0,0,255,2,0x37,0x00,1,32,0x37,0x01,1,20
1076,15,-1,256,52,2,1,0,0,0,0,0,255,2,0x33,0x08,1,32,0x33,0x09,1,20
1077,15,-1,256,12,4,1,0,0,0,0,0,255,1,0x28,0x04,1,12
1078,15,-1,256,52,2,1,0,0,0,0,0,255,2,0x34,0x10,1,32,0x34,0x11,1,20
1079,15,-1,256,52,2,1,0,0,0,0,0,255,2,0x33,0x00,1,32,0x33,0x01,1,20
1080,15,-1,48,56,1,1,0,0,0,0,0,47,2,0x1E,0x06,1,32,0x1E,0x07,1,24
1081,15,-1,128,64,2,1,0,0,0,0,0,127,2,0x3D,0x01,1,32,0x3D,0x02,1,32
1082,15,-1,256,12,4,1,0,0,0,0,0,255,1,0x23,0x01,1,12
1083,15,-1,256,52,2,1,0,0,0,0,0,255,2,0x35,0x06,1,32,0x35,0x07,1,20
1084,15,-1,256,52,2,1,0,0,0,0,0,255,2,0x36,0x0C,1,32,0x36,0x0D,1,20
1085,15,-1,64,180,1,1,0,0,0,0,0,63,6,0x19,0x00,1,32,0x19,0x01,1,32,0x19,0x02,1,32,0x19,0x03,1,32,0x19,0x04,1,32,0x19,0x05,1,20
1087,15,-1,256,52,2,1,0,0,0,0,0,255,2,0x33,0x04,1,32,0x33,0x05,1,20
1088,15,-1,256,12,4,1,0,0,0,0,0,255,1,0x28,0x01,1,12
1089,15,-1,256,52,2,1,0,0,0,0,0,255,2,0x32,0x08,1,32,0x32,0x09,1,20
1090,15,-1,384,20,2,1,0,0,0,0,0,383,1,0x13,0x06,1,20
1091,15,-1,384,22,2,1,0,0,0,0,0,383,1,0x10,0x03,1,22
1092,15,-1,256,12,4,1,0,0,0,0,0,255,1,0x2B,0x07,1,12
1093,15,-1,128,26,2,1,0,0,0,0,0,127,1,0x41,0x01,1,26
1094,15,-1,256,53,4,1,0,0,0,0,0,255,2,0x2E,0x02,1,32,0x2E,0x03,1,21
1095,15,-1,64,12,2,1,0,0,0,0,0,63,1,0x1F,0x00,1,12
1096,15,-1,256,12,4,1,0,0,0,0,0,255,1,0x29,0x04,1,12
1097,15,-1,48,120,2,1,0,0,0,0,0,47,4,0x1E,0x17,1,32,0x1E,0x18,1,32,0x1E,0x19,1,32,0x1E,0x1A,1,24
1098,15,-1,256,12,4,1,0,0,0,0,0,255,1,0x21,0x02,1,12
1099,15,-1,64,12,2,1,0,0,0,0,0,63,1,0x1F,0x06,1,12
1100,15,-1,384,20,2,1,0,0,0,0,0,383,1,0x11,0x05,1,20
1101,15,-1,256,12,4,1,0,0,0,0,0,255,1,0x24,0x06,1,12
1102,15,-1,64,46,2,1,0,0,0,0,0,63,2,0x2F,0x06,1,32,0x2F,0x07,1,14
1104,15,-1,256,52,2,1,0,0,0,0,0,255,2,0x30,0x02,1,32,0x30,0x03,1,20
1105,15,-1,256,12,4,1,0,0,0,0,0,255,1,0x26,0x06,1,12
1106,15,-1,128,44,2,1,0,0,0,0,0,127,2,0x3C,0x04,1,32,0x3C,0x05,1,12
1108,15,-1,64,46,2,1,0,0,0,0,0,63,2,0x2F,0x0E,1,32,0x2F,0x0F,1,14
1109,15,-1,256,12,4,1,0,0,0,0,0,255,1,0x26,0x02,1,12
1110,15,-1,256,12,4,1,0,0,0,0,0,255,1,0x22,0x07,1,12
1111,15,-1,256,12,4,1,0,0,0,0,0,255,1,0x23,0x05,1,12
1112,15,-1,128,20,2,1,0,0,0,0,0,127,1,0x16,0x1B,1,20
1113,15,-1,256,52,2,1,0,0,0,0,0,255,2,0x36,0x00,1,32,0x36,0x01,1,20
1114,15,-1,256,12,4,1,0,0,0,0,0,255,1,0x25,0x02,1,12
1115,15,-1,256,12,4,1,0,0,0,0,0,255,1,0x2C,0x06,1,12
1116,15,-1,384,20,2,1,0,0,0,0,0,383,1,0x10,0x06,1,20
1117,15,-1,1024,12,4,1,0,0,0,0,0,1023,1,0x13,0x00,1,12
1118,15,-1,256,12,4,1,0,0,0,0,0,255,1,0x2C,0x00,1,12
1119,15,-1,256,12,4,1,0,0,0,0,0,255,1,0x23,0x02,1,12
1120,15,-1,256,12,4,1,0,0,0,0,0,255,1,0x28,0x03,1,12
1121,15,-1,256,52,2,1,0,0,0,0,0,255,2,0x30,0x10,1,32,0x30,0x11,1,20
1122,15,-1,256,52,2,1,0,0,0,0,0,255,2,0x32,0x06,1,32,0x32,0x07,1,20
1123,15,-1,256,12,4,1,0,0,0,0,0,255,1,0x21,0x05,1,12
1124,15,-1,256,12,4,1,0,0,0,0,0,255,1,0x22,0x00,1,12
1125,15,-1,256,12,4,1,0,0,0,0,0,255,1,0x2A,0x07,1,12
1126,15,-1,48,28,2,1,0,0,0,0,0,47,1,0x1E,0x01,1,28
1127,15,-1,256,52,2,1,0,0,0,0,0,255,2,0x32,0x0C,1,32,0x32,0x0D,1,20
1128,15,-1,256,12,4,1,0,0,0,0,0,255,1,0x2C,0x03,1,12
1129,15,-1,256,52,2,1,0,0,0,0,0,255,2,0x34,0x04,1,32,0x34,0x05,1,20
1130,15,-1,256,12,4,1,0,0,0,0,0,255,1,0x29,0x02,1,12
1131,15,-1,256,12,4,1,0,0,0,0,0,255,1,0x24,0x05,1,12
1133,15,-1,256,52,2,1,0,0,0,0,0,255,2,0x36,0x08,1,32,0x36,0x09,1,20
1134,15,-1,64,12,2,1,0,0,0,0,0,63,1,0x1F,0x05,1,12
1135,15,-1,256,12,4,1,0,0,0,0,0,255,1,0x28,0x07,1,12
1136,15,-1,256,8,4,1,0,0,0,0,0,255,1,0x2E,0x00,1,8
1137,15,-1,24,130,2,1,0,0,0,0,0,23,5,0x1B,0x06,1,32,0x1B,0x07,1,32,0x1B,0x08,1,32,0x1B,0x09,1,32,0x1B,0x0A,1,2
1138,15,-1,64,36,2,1,0,0,0,0,0,63,2,0x1F,0x0A,1,32,0x1F,0x0B,1,4
1139,15,-1,256,52,2,1,0,0,0,0,0,255,2,0x37,0x0A,1,32,0x37,0x0B,1,20
1140,15,-1,384,18,2,1,0,0,0,0,0,383,1,0x12,0x07,1,18
1141,15,-1,128,20,2,1,0,0,0,0,0,127,1,0x14,0x1B,1,20
1142,15,-1,256,12,4,1,0,0,0,0,0,255,1,0x28,0x02,1,12
1143,15,-1,256,52,2,1,0,0,0,0,0,255,2,0x35,0x04,1,32,0x35,0x05,1,20
1144,15,-1,256,12,4,1,0,0,0,0,0,255,1,0x2D,0x06,1,12
1145,15,-1,256,52,2,1,0,0,0,0,0,255,2,0x34,0x0E,1,32,0x34,0x0F,1,20
1146,15,-1,256,12,4,1,0,0,0,0,0,255,1,0x24,0x04,1,12
1148,15,-1,256,10,2,1,0,0,0,0,0,255,1,0x1C,0x00,1,10
1150,15,-1,256,12,4,1,0,0,0,0,0,255,1,0x2B,0x06,1,12
1151,15,-1,256,52,2,1,0,0,0,0,0,255,2,0x30,0x0A,1,32,0x30,0x0B,1,20
1152,15,-1,256,52,2,1,0,0,0,0,0,255,2,0x33,0x06,1,32,0x33,0x07,1,20
1154,15,-1,256,12,4,1,0,0,0,0,0,255,1,0x2B,0x03,1,12
1155,15,-1,48,12,1,1,0,0,0,0,0,47,1,0x1C,0x0C,1,12
1156,15,-1,256,52,2,1,0,0,0,0,0,255,2,0x31,0x08,1,32,0x31,0x09,1,20
1157,15,-1,384,22,2,1,0,0,0,0,0,383,1,0x11,0x03,1,22
1158,15,-1,256,12,4,1,0,0,0,0,0,255,1,0x2D,0x02,1,12
1159,15,-1,256,12,4,1,0,0,0,0,0,255,1,0x22,0x03,1,12
1160,15,-1,256,12,4,1,0,0,0,0,0,255,1,0x25,0x03,1,12
1161,15,-1,256,12,4,1,0,0,0,0,0,255,1,0x2C,0x05,1,12
1162,15,-1,48,28,1,1,0,0,0,0,0,47,1,0x1E,0x00,1,28
1163,15,-1,256,52,2,1,0,0,0,0,0,255,2,0x36,0x0A,1,32,0x36,0x0B,1,20
1164,15,-1,256,12,4,1,0,0,0,0,0,255,1,0x2C,0x04,1,12
1166,15,-1,256,12,4,1,0,0,0,0,0,255,1,0x2D,0x01,1,12
1167,15,-1,384,18,2,1,0,0,0,0,0,383,1,0x13,0x08,1,18
1169,15,-1,128,20,2,1,0,0,0,0,0,127,1,0x15,0x1B,1,20
1170,15,-1,64,46,2,1,0,0,0,0,0,63,2,0x2F,0x0C,1,32,0x2F,0x0D,1,14
1171,15,-1,256,52,2,1,0,0,0,0,0,255,2,0x35,0x0A,1,32,0x35,0x0B,1,20
1172,15,-1,384,20,2,1,0,0,0,0,0,383,1,0x10,0x05,1,20
1173,15,-1,256,12,4,1,0,0,0,0,0,255,1,0x2A,0x06,1,12
1174,15,-1,256,12,4,1,0,0,0,0,0,255,1,0x24,0x03,1,12
1175,15,-1,256,12,4,1,0,0,0,0,0,255,1,0x2A,0x04,1,12
1176,15,-1,256,12,4,1,0,0,0,0,0,255,1,0x23,0x00,1,12
1177,15,-1,256,12,4,1,0,0,0,0,0,255,1,0x21,0x00,1,12
1178,15,-1,384,18,2,1,0,0,0,0,0,383,1,0x12,0x08,1,18
1179,15,-1,128,26,2,1,0,0,0,0,0,127,1,0x41,0x02,1,26
1180,15,-1,256,12,4,1,0,0,0,0,0,255,1,0x2C,0x07,1,12
1181,15,-1,64,12,2,1,0,0,0,0,0,63,1,0x1F,0x02,1,12
1182,15,-1,128,26,2,1,0,0,0,0,0,127,1,0x1D,0x04,1,26
1183,15,-1,256,12,4,1,0,0,0,0,0,255,1,0x29,0x03,1,12
1184,15,-1,384,22,2,1,0,0,0,0,0,383,1,0x13,0x03,1,22
1185,15,-1,256,12,4,1,0,0,0,0,0,255,1,0x2D,0x05,1,12
1186,15,-1,256,52,2,1,0,0,0,0,0,255,2,0x32,0x04,1,32,0x32,0x05,1,20
1187,15,-1,256,12,2,1,0,0,0,0,0,255,1,0x1C,0x0D,1,12
1188,15,-1,256,52,2,1,0,0,0,0,0,255,2,0x34,0x0C,1,32,0x34,0x0D,1,20
1189,15,-1,256,12,4,1,0,0,0,0,0,255,1,0x2B,0x05,1,12
1191,15,-1,256,12,4,1,0,0,0,0,0,255,1,0x21,0x07,1,12
1192,15,-1,256,12,4,1,0,0,0,0,0,255,1,0x26,0x03,1,12
1193,15,-1,48,12,1,1,0,0,0,0,0,47,1,0x1C,0x01,1,12
1195,15,-1,256,12,4,1,0,0,0,0,0,255,1,0x2D,0x07,1,12
1196,15,-1,256,12,4,1,0,0,0,0,0,255,1,0x23,0x03,1,12
1198,15,-1,384,18,2,1,0,0,0,0,0,383,1,0x11,0x08,1,18
1200,15,-1,48,56,1,1,0,0,0,0,0,47,2,0x1E,0x02,1,32,0x1E,0x03,1,24
1201,15,-1,256,12,4,1,0,0,0,0,0,255,1,0x29,0x00,1,12
1202,15,-1,256,12,4,1,0,0,0,0,0,255,1,0x25,0x04,1,12
1203,15,-1,256,52,2,1,0,0,0,0,0,255,2,0x30,0x0C,1,32,0x30,0x0D,1,20
1206,15,-1,256,52,2,1,0,0,0,0,0,255,2,0x31,0x0C,1,32,0x31,0x0D,1,20
1208,15,-1,64,12,2,1,0,0,0,0,0,63,1,0x1F,0x07,1,12
1209,15,-1,256,12,4,1,0,0,0,0,0,255,1,0x28,0x05,1,12
1210,15,-1,384,16,2,1,0,0,0,0,0,383,1,0x10,0x09,1,16
1211,15,-1,256,52,2,1,0,0,0,0,0,255,2,0x31,0x04,1,32,0x31,0x05,1,20
1212,15,-1,48,24,1,1,0,0,0,0,0,47,1,0x1E,0x10,1,24
1213,15,-1,64,12,2,1,0,0,0,0,0,63,1,0x1F,0x04,1,12
1214,15,-1,256,12,4,1,0,0,0,0,0,255,1,0x26,0x00,1,12
1216,15,-1,256,12,4,1,0,0,0,0,0,255,1,0x2A,0x05,1,12
1217,15,-1,256,12,4,1,0,0,0,0,0,255,1,0x29,0x07,1,12
1218,15,-1,256,12,4,1,0,0,0,0,0,255,1,0x2C,0x01,1,12
1219,15,-1,256,52,2,1,0,0,0,0,0,255,2,0x31,0x10,1,32,0x31,0x11,1,20
1220,15,-1,256,52,2,1,0,0,0,0,0,255,2,0x35,0x0C,1,32,0x35,0x0D,1,20
1221,15,-1,256,12,4,1,0,0,0,0,0,255,1,0x24,0x01,1,12
1223,15,-1,256,52,2,1,0,0,0,0,0,255,2,0x36,0x02,1,32,0x36,0x03,1,20
1224,15,-1,64,48,1,1,0,0,0,0,0,63,2,0x12,0x01,1,32,0x12,0x02,1,16
1225,15,-1,128,26,2,1,0,0,0,0,0,127,1,0x40,0x04,1,26
1226,15,-1,384,20,2,1,0,0,0,0,0,383,1,0x12,0x05,1,20
1227,15,-1,72,40,1,1,0,0,0,0,0,71,2,0x1D,0x00,1,32,0x1D,0x01,1,8
1228,15,-1,256,12,4,1,0,0,0,0,0,255,1,0x2B,0x04,1,12
1230,15,-1,256,12,4,1,0,0,0,0,0,255,1,0x2B,0x01,1,12
1231,15,-1,72,32,1,1,0,0,0,0,0,71,1,0x1D,0x02,1,32
1232,15,-1,256,12,4,1,0,0,0,0,0,255,1,0x23,0x04,1,12
1233,15,-1,48,56,1,1,0,0,0,0,0,47,2,0x1E,0x1E,1,32,0x1E,0x1F,1,24
1234,15,-1,256,12,4,1,0,0,0,0,0,255,1,0x25,0x06,1,12
1236,15,-1,256,12,4,1,0,0,0,0,0,255,1,0x21,0x06,1,12
1237,15,-1,384,16,2,1,0,0,0,0,0,383,1,0x11,0x09,1,16
1238,15,-1,256,12,4,1,0,0,0,0,0,255,1,0x2A,0x02,1,12
1240,15,-1,256,12,4,1,0,0,0,0,0,255,1,0x29,0x01,1,12
1241,15,-1,1024,12,4,1,0,0,0,0,0,1023,1,0x10,0x00,1,12
1242,15,-1,128,20,2,1,0,0,0,0,0,127,1,0x14,0x1A,1,20
1243,15,-1,384,16,2,1,0,0,0,0,0,383,1,0x13,0x09,1,16
1244,15,-1,256,12,4,1,0,0,0,0,0,255,1,0x25,0x05,1,12
1245,15,-1,256,12,4,1,0,0,0,0,0,255,1,0x21,0x01,1,12
1247,15,-1,64,12,2,1,0,0,0,0,0,63,1,0x1F,0x01,1,12
1248,15,-1,256,12,4,1,0,0,0,0,0,255,1,0x24,0x02,1,12
1249,15,-1,256,12,4,1,0,0,0,0,0,255,1,0x22,0x02,1,12
1250,15,-1,256,12,4,1,0,0,0,0,0,255,1,0x2B,0x02,1,12
1251,15,-1,128,26,2,1,0,0,0,0,0,127,1,0x41,0x00,1,26
1252,15,-1,384,20,2,1,0,0,0,0,0,383,1,0x13,0x05,1,20
1253,15,-1,256,12,4,1,0,0,0,0,0,255,1,0x26,0x05,1,12
1254,15,-1,128,16,2,1,0,0,0,0,0,127,1,0x2E,0x01,1,16
1256,15,-1,384,20,2,1,0,0,0,0,0,383,1,0x12,0x06,1,20
1257,15,-1,128,26,2,1,0,0,0,0,0,127,1,0x41,0x05,1,26
1258,15,-1,256,12,4,1,0,0,0,0,0,255,1,0x2C,0x02,1,12
1259,15,-1,256,12,4,1,0,0,0,0,0,255,1,0x26,0x01,1,12
1260,15,-1,48,24,2,1,0,0,0,0,0,47,1,0x1E,0x11,1,24
1471,3,-1,256,54,4,1,0,0,0,0,0,255,2,0x08,0x00,1,32,0x08,0x01,1,22
1472,3,-1,1024,32,4,1,0,0,0,0,0,1023,1,0x16,0x06,1,32
1473,3,-1,1024,34,4,1,0,0,0,0,0,1023,1,0x16,0x01,1,34
1474,3,-1,4096,32,16,1,0,0,0,0,0,4095,1,0x2F,0x00,1,32
1475,3,-1,16,32,1,1,0,0,0,0,0,15,1,0x00,0x02,1,32
1476,3,-1,1024,32,4,1,0,0,0,0,0,1023,1,0x0C,0x07,1,32
1477,3,-1,1024,32,4,1,0,0,0,0,0,1023,1,0x0C,0x01,1,32
1480,3,-1,1024,34,4,1,0,0,0,0,0,1023,1,0x16,0x03,1,34
1481,3,-1,1024,42,4,1,0,0,0,0,0,1023,1,0x20,0x00,1,42
1482,3,-1,1024,32,4,1,0,0,0,0,0,1023,1,0x16,0x04,1,32
1483,3,-1,1024,42,4,1,0,0,0,0,0,1023,1,0x20,0x01,1,42
1484,3,-1,256,26,4,1,0,0,0,0,0,255,1,0x20,0x06,1,26
1485,3,-1,1024,32,4,1,0,0,0,0,0,1023,1,0x20,0x04,1,32
1486,3,-1,1024,34,4,1,0,0,0,0,0,1023,1,0x16,0x05,1,34
1487,3,-1,1024,32,4,1,0,0,0,0,0,1023,1,0x0C,0x03,1,32
1488,3,-1,256,54,4,1,0,0,0,0,0,255,2,0x08,0x02,1,32,0x08,0x03,1,22
1489,3,-1,1024,32,4,1,0,0,0,0,0,1023,1,0x0C,0x05,1,32
1492,3,-1,16,32,1,1,0,0,0,0,0,15,1,0x00,0x01,1,32
1493,3,-1,1024,32,4,1,0,0,0,0,0,1023,1,0x0C,0x04,1,32
1494,3,-1,1024,32,4,1,0,0,0,0,0,1023,1,0x20,0x05,1,32
1495,3,-1,1024,42,4,1,0,0,0,0,0,1023,1,0x20,0x02,1,42
1496,3,-1,1024,32,4,1,0,0,0,0,0,1023,1,0x0C,0x06,1,32
1497,3,-1,1024,32,4,1,0,0,0,0,0,1023,1,0x0C,0x00,1,32
1498,3,-1,64,20,1,1,0,0,0,0,0,63,1,0x09,0x05,1,20
1499,3,-1,16,32,1,1,0,0,0,0,0,15,1,0x00,0x04,1,32
1500,3,-1,1024,32,4,1,0,0,0,0,0,1023,1,0x16,0x00,1,32
1501,3,-1,1024,32,4,1,0,0,0,0,0,1023,1,0x0C,0x02,1,32
1502,3,-1,16,32,1,1,0,0,0,0,0,15,1,0x00,0x00,1,32
1503,3,-1,1024,25,4,1,0,0,0,0,0,1023,1,0x10,0x00,1,25
1504,3,-1,1024,32,4,1,0,0,0,0,0,1023,1,0x16,0x02,1,32
1505,3,-1,16,32,1,1,0,0,0,0,0,15,1,0x00,0x03,1,32
1506,3,-1,1024,34,4,1,0,0,0,0,0,1023,1,0x16,0x07,1,34
1507,3,-1,1024,42,4,1,0,0,0,0,0,1023,1,0x20,0x03,1,42
1508,3,-1,512,28,4,1,0,0,0,0,0,511,1,0x21,0x00,1,28
348,4,-1,256,54,4,1,0,0,0,0,0,255,2,0x08,0x00,1,32,0x08,0x01,1,22
349,4,-1,1024,32,4,1,0,0,0,0,0,1023,1,0x16,0x06,1,32
350,4,-1,1024,34,4,1,0,0,0,0,0,1023,1,0x16,0x01,1,34
351,4,-1,4096,32,16,1,0,0,0,0,0,4095,1,0x2F,0x00,1,32
352,4,-1,16,32,1,1,0,0,0,0,0,15,1,0x00,0x02,1,32
353,4,-1,1024,32,4,1,0,0,0,0,0,1023,1,0x0C,0x07,1,32
354,4,-1,1024,32,4,1,0,0,0,0,0,1023,1,0x0C,0x01,1,32
357,4,-1,1024,34,4,1,0,0,0,0,0,1023,1,0x16,0x03,1,34
358,4,-1,1024,42,4,1,0,0,0,0,0,1023,1,0x20,0x00,1,42
359,4,-1,1024,32,4,1,0,0,0,0,0,1023,1,0x16,0x04,1,32
360,4,-1,1024,42,4,1,0,0,0,0,0,1023,1,0x20,0x01,1,42
361,4,-1,256,26,4,1,0,0,0,0,0,255,1,0x20,0x06,1,26
362,4,-1,1024,32,4,1,0,0,0,0,0,1023,1,0x20,0x04,1,32
363,4,-1,1024,34,4,1,0,0,0,0,0,1023,1,0x16,0x05,1,34
364,4,-1,1024,32,4,1,0,0,0,0,0,1023,1,0x0C,0x03,1,32
365,4,-1,256,54,4,1,0,0,0,0,0,255,2,0x08,0x02,1,32,0x08,0x03,1,22
366,4,-1,1024,32,4,1,0,0,0,0,0,1023,1,0x0C,0x05,1,32
369,4,-1,16,32,1,1,0,0,0,0,0,15,1,0x00,0x01,1,32
370,4,-1,1024,32,4,1,0,0,0,0,0,1023,1,0x0C,0x04,1,32
371,4,-1,1024,32,4,1,0,0,0,0,0,1023,1,0x20,0x05,1,32
372,4,-1,1024,42,4,1,0,0,0,0,0,1023,1,0x20,0x02,1,42
373,4,-1,1024,32,4,1,0,0,0,0,0,1023,1,0x0C,0x06,1,32
374,4,-1,1024,32,4,1,0,0,0,0,0,1023,1,0x0C,0x00,1,32
375,4,-1,64,20,1,1,0,0,0,0,0,63,1,0x09,0x05,1,20
376,4,-1,16,32,1,1,0,0,0,0,0,15,1,0x00,0x04,1,32
377,4,-1,1024,32,4,1,0,0,0,0,0,1023,1,0x16,0x00,1,32
378,4,-1,1024,32,4,1,0,0,0,0,0,1023,1,0x0C,0x02,1,32
379,4,-1,16,32,1,1,0,0,0,0,0,15,1,0x00,0x00,1,32
380,4,-1,1024,25,4,1,0,0,0,0,0,1023,1,0x10,0x00,1,25
381,4,-1,1024,32,4,1,0,0,0,0,0,1023,1,0x16,0x02,1,32
382,4,-1,16,32,1,1,0,0,0,0,0,15,1,0x00,0x03,1,32
383,4,-1,1024,34,4,1,0,0,0,0,0,1023,1,0x16,0x07,1,34
384,4,-1,1024,42,4,1,0,0,0,0,0,1023,1,0x20,0x03,1,42
385,4,-1,512,28,4,1,0,0,0,0,0,511,1,0x21,0x00,1,28
1509,5,-1,256,54,4,1,0,0,0,0,0,255,2,0x08,0x00,1,32,0x08,0x01,1,22
1510,5,-1,1024,32,4,1,0,0,0,0,0,1023,1,0x16,0x06,1,32
1511,5,-1,1024,34,4,1,0,0,0,0,0,1023,1,0x16,0x01,1,34
1512,5,-1,4096,32,16,1,0,0,0,0,0,4095,1,0x2F,0x00,1,32
1513,5,-1,16,32,1,1,0,0,0,0,0,15,1,0x00,0x02,1,32
1514,5,-1,1024,32,4,1,0,0,0,0,0,1023,1,0x0C,0x07,1,32
1515,5,-1,1024,32,4,1,0,0,0,0,0,1023,1,0x0C,0x01,1,32
1518,5,-1,1024,34,4,1,0,0,0,0,0,1023,1,0x16,0x03,1,34
1519,5,-1,1024,42,4,1,0,0,0,0,0,1023,1,0x20,0x00,1,42
1520,5,-1,1024,32,4,1,0,0,0,0,0,1023,1,0x16,0x04,1,32
1521,5,-1,1024,42,4,1,0,0,0,0,0,1023,1,0x20,0x01,1,42
1522,5,-1,256,26,4,1,0,0,0,0,0,255,1,0x20,0x06,1,26
1523,5,-1,1024,32,4,1,0,0,0,0,0,1023,1,0x20,0x04,1,32
1524,5,-1,1024,34,4,1,0,0,0,0,0,1023,1,0x16,0x05,1,34
1525,5,-1,1024,32,4,1,0,0,0,0,0,1023,1,0x0C,0x03,1,32
1526,5,-1,256,54,4,1,0,0,0,0,0,255,2,0x08,0x02,1,32,0x08,0x03,1,22
1527,5,-1,1024,32,4,1,0,0,0,0,0,1023,1,0x0C,0x05,1,32
1530,5,-1,16,32,1,1,0,0,0,0,0,15,1,0x00,0x01,1,32
1531,5,-1,1024,32,4,1,0,0,0,0,0,1023,1,0x0C,0x04,1,32
1532,5,-1,1024,32,4,1,0,0,0,0,0,1023,1,0x20,0x05,1,32
1533,5,-1,1024,42,4,1,0,0,0,0,0,1023,1,0x20,0x02,1,42
1534,5,-1,1024,32,4,1,0,0,0,0,0,1023,1,0x0C,0x06,1,32
1535,5,-1,1024,32,4,1,0,0,0,0,0,1023,1,0x0C,0x00,1,32
1536,5,-1,64,20,1,1,0,0,0,0,0,63,1,0x09,0x05,1,20
1537,5,-1,16,32,1,1,0,0,0,0,0,15,1,0x00,0x04,1,32
1538,5,-1,1024,32,4,1,0,0,0,0,0,1023,1,0x16,0x00,1,32
1539,5,-1,1024,32,4,1,0,0,0,0,0,1023,1,0x0C,0x02,1,32
1540,5,-1,16,32,1,1,0,0,0,0,0,15,1,0x00,0x00,1,32
1541,5,-1,1024,25,4,1,0,0,0,0,0,1023,1,0x10,0x00,1,25
1542,5,-1,1024,32,4,1,0,0,0,0,0,1023,1,0x16,0x02,1,32
1543,5,-1,16,32,1,1,0,0,0,0,0,15,1,0x00,0x03,1,32
1544,5,-1,1024,34,4,1,0,0,0,0,0,1023,1,0x16,0x07,1,34
1545,5,-1,1024,42,4,1,0,0,0,0,0,1023,1,0x20,0x03,1,42
1546,5,-1,512,28,4,1,0,0,0,0,0,511,1,0x21,0x00,1,28
1547,6,-1,256,54,4,1,0,0,0,0,0,255,2,0x08,0x00,1,32,0x08,0x01,1,22
1548,6,-1,1024,32,4,1,0,0,0,0,0,1023,1,0x16,0x06,1,32
1549,6,-1,1024,34,4,1,0,0,0,0,0,1023,1,0x16,0x01,1,34
1550,6,-1,4096,32,16,1,0,0,0,0,0,4095,1,0x2F,0x00,1,32
1551,6,-1,16,32,1,1,0,0,0,0,0,15,1,0x00,0x02,1,32
1552,6,-1,1024,32,4,1,0,0,0,0,0,1023,1,0x0C,0x07,1,32
1553,6,-1,1024,32,4,1,0,0,0,0,0,1023,1,0x0C,0x01,1,32
1556,6,-1,1024,34,4,1,0,0,0,0,0,1023,1,0x16,0x03,1,34
1557,6,-1,1024,42,4,1,0,0,0,0,0,1023,1,0x20,0x00,1,42
1558,6,-1,1024,32,4,1,0,0,0,0,0,1023,1,0x16,0x04,1,32
1559,6,-1,1024,42,4,1,0,0,0,0,0,1023,1,0x20,0x01,1,42
1560,6,-1,256,26,4,1,0,0,0,0,0,255,1,0x20,0x06,1,26
1561,6,-1,1024,32,4,1,0,0,0,0,0,1023,1,0x20,0x04,1,32
1562,6,-1,1024,34,4,1,0,0,0,0,0,1023,1,0x16,0x05,1,34
1563,6,-1,1024,32,4,1,0,0,0,0,0,1023,1,0x0C,0x03,1,32
1564,6,-1,256,54,4,1,0,0,0,0,0,255,2,0x08,0x02,1,32,0x08,0x03,1,22
1565,6,-1,1024,32,4,1,0,0,0,0,0,1023,1,0x0C,0x05,1,32
1568,6,-1,16,32,1,1,0,0,0,0,0,15,1,0x00,0x01,1,32
1569,6,-1,1024,32,4,1,0,0,0,0,0,1023,1,0x0C,0x04,1,32
1570,6,-1,1024,32,4,1,0,0,0,0,0,1023,1,0x20,0x05,1,32
1571,6,-1,1024,42,4,1,0,0,0,0,0,1023,1,0x20,0x02,1,42
1572,6,-1,1024,32,4,1,0,0,0,0,0,1023,1,0x0C,0x06,1,32
1573,6,-1,1024,32,4,1,0,0,0,0,0,1023,1,0x0C,0x00,1,32
1574,6,-1,64,20,1,1,0,0,0,0,0,63,1,0x09,0x05,1,20
1575,6,-1,16,32,1,1,0,0,0,0,0,15,1,0x00,0x04,1,32
1576,6,-1,1024,32,4,1,0,0,0,0,0,1023,1,0x16,0x00,1,32
1577,6,-1,1024,32,4,1,0,0,0,0,0,1023,1,0x0C,0x02,1,32
1578,6,-1,16,32,1,1,0,0,0,0,0,15,1,0x00,0x00,1,32
1579,6,-1,1024,25,4,1,0,0,0,0,0,1023,1,0x10,0x00,1,25
1580,6,-1,1024,32,4,1,0,0,0,0,0,1023,1,0x16,0x02,1,32
1581,6,-1,16,32,1,1,0,0,0,0,0,15,1,0x00,0x03,1,32
1582,6,-1,1024,34,4,1,0,0,0,0,0,1023,1,0x16,0x07,1,34
1583,6,-1,1024,42,4,1,0,0,0,0,0,1023,1,0x20,0x03,1,42
1584,6,-1,512,28,4,1,0,0,0,0,0,511,1,0x21,0x00,1,28
1261,1,-1,64,84,1,1,0,0,0,0,0,63,3,0x4B,0x09,1,32,0x4B,0x0A,1,32,0x4B,0x0B,1,20
1262,1,-1,64,32,2,1,0,0,0,0,0,63,1,0x4A,0x05,1,32
1265,1,-1,64,96,2,1,0,0,0,0,0,63,3,0x08,0x11,1,32,0x08,0x12,1,32,0x08,0x13,1,32
1266,1,-1,304,40,2,1,0,0,0,0,0,303,2,0x04,0x14,1,32,0x04,0x15,1,8
1267,1,-1,128,110,2,1,0,0,0,0,0,127,4,0x06,0x03,1,32,0x06,0x04,1,32,0x06,0x05,1,32,0x06,0x06,1,14
1268,1,-1,256,8,4,1,0,0,0,0,0,255,1,0x49,0x06,1,8
1269,1,-1,32768,32,32,1,0,0,0,0,0,32767,1,0x68,0x00,1,32
1270,1,-1,64,128,2,1,0,0,0,0,0,63,4,0x05,0x00,1,32,0x05,0x01,1,32,0x05,0x02,1,32,0x05,0x03,1,32
1271,1,-1,64,76,1,1,0,0,0,0,0,63,3,0x4C,0x1A,1,32,0x4C,0x1B,1,32,0x4C,0x1C,1,12
1273,1,-1,128,30,4,1,0,0,0,0,0,127,1,0x01,0x02,1,30
1274,1,-1,128,128,2,1,0,0,0,0,0,127,4,0x09,0x04,1,32,0x09,0x05,1,32,0x09,0x06,1,32,0x09,0x07,1,32
1277,1,-1,384,35,4,1,0,0,0,0,0,383,2,0x07,0x03,1,32,0x07,0x04,1,3
1278,1,-1,128,140,2,1,0,0,0,0,0,127,5,0x4C,0x10,1,32,0x4C,0x11,1,32,0x4C,0x12,1,32,0x4C,0x13,1,32,0x4C,0x14,1,12
1279,1,-1,256,18,4,1,0,0,0,0,0,255,1,0x49,0x00,1,18
1285,1,-1,384,35,4,1,0,0,0,0,0,383,2,0x03,0x10,1,32,0x03,0x11,1,3
1286,1,-1,128,24,2,1,0,0,0,0,0,127,1,0x06,0x1A,1,24
1287,1,-1,64,32,2,1,0,0,0,0,0,63,1,0x4A,0x02,1,32
1288,1,-1,512,40,2,1,0,0,0,0,0,511,2,0x05,0x12,1,32,0x05,0x13,1,8
1290,1,-1,128,24,2,1,0,0,0,0,0,127,1,0x06,0x0F,1,24
1291,1,-1,304,40,2,1,0,0,0,0,0,303,2,0x01,0x14,1,32,0x01,0x15,1,8
1292,1,-1,64,96,2,1,0,0,0,0,0,63,3,0x04,0x00,1,32,0x04,0x01,1,32,0x04,0x02,1,32
1293,1,-1,384,16,4,1,0,0,0,0,0,383,1,0x08,0x17,1,16
1294,1,-1,32768,32,32,1,0,0,0,0,0,32767,1,0x6A,0x00,1,32
1295,1,-1,64,128,2,1,0,0,0,0,0,63,4,0x07,0x06,1,32,0x07,0x07,1,32,0x07,0x08,1,32,0x07,0x09,1,32
1296,1,-1,128,126,2,1,0,0,0,0,0,127,4,0x09,0x00,1,32,0x09,0x01,1,32,0x09,0x02,1,32,0x09,0x03,1,30
1298,1,-1,384,26,4,1,0,0,0,0,0,383,1,0x02,0x19,1,26
1299,1,-1,128,33,4,1,0,0,0,0,0,127,2,0x06,0x0B,1,32,0x06,0x0C,1,1
1300,1,-1,64,96,2,1,0,0,0,0,0,63,3,0x03,0x1B,1,32,0x03,0x1C,1,32,0x03,0x1D,1,32
1301,1,-1,192,128,4,1,0,0,0,0,0,191,2,0x00,0x04,1,64,0x00,0x05,1,64
1302,1,-1,128,33,4,1,0,0,0,0,0,127,2,0x04,0x16,1,32,0x04,0x17,1,1
1305,1,-1,192,128,4,1,0,0,0,0,0,191,2,0x00,0x00,1,64,0x00,0x01,1,64
1306,1,-1,256,16,4,1,0,0,0,0,0,255,1,0x4A,0x17,1,16
1307,1,-1,64,144,2,1,0,0,0,0,0,63,5,0x49,0x08,1,32,0x49,0x09,1,32,0x49,0x0A,1,32,0x49,0x0B,1,32,0x49,0x0C,1,16
1309,1,-1,128,138,2,1,0,0,0,0,0,127,5,0x03,0x00,1,32,0x03,0x01,1,32,0x03,0x02,1,32,0x03,0x03,1,32,0x03,0x04,1,10
1310,1,-1,384,26,4,1,0,0,0,0,0,383,1,0x05,0x16,1,26
1311,1,-1,128,110,2,1,0,0,0,0,0,127,4,0x01,0x05,1,32,0x01,0x06,1,32,0x01,0x07,1,32,0x01,0x08,1,14
1313,1,-1,20,68,1,1,0,0,0,0,0,19,3,0x41,0x06,1,32,0x41,0x07,1,32,0x41,0x08,1,4
1314,1,-1,64,96,2,1,0,0,0,0,0,63,3,0x08,0x0D,1,32,0x08,0x0E,1,32,0x08,0x0F,1,32
1315,1,-1,64,96,2,1,0,0,0,0,0,63,3,0x4B,0x00,1,32,0x4B,0x01,1,32,0x4B,0x02,1,32
1317,1,-1,20,68,1,1,0,0,0,0,0,19,3,0x41,0x09,1,32,0x41,0x0A,1,32,0x41,0x0B,1,4
1318,1,-1,64,84,1,1,0,0,0,0,0,63,3,0x4B,0x0C,1,32,0x4B,0x0D,1,32,0x4B,0x0E,1,20
1320,1,-1,64,32,2,1,0,0,0,0,0,63,1,0x4A,0x00,1,32
1322,1,-1,256,8,4,1,0,0,0,0,0,255,1,0x49,0x0F,1,8
1324,1,-1,128,126,2,1,0,0,0,0,0,127,4,0x07,0x10,1,32,0x07,0x11,1,32,0x07,0x12,1,32,0x07,0x13,1,30
1325,1,-1,64,96,2,1,0,0,0,0,0,63,3,0x03,0x05,1,32,0x03,0x06,1,32,0x03,0x07,1,32
1326,1,-1,128,39,4,1,0,0,0,0,0,127,2,0x06,0x00,1,32,0x06,0x01,1,7
1332,1,-1,128,140,2,1,0,0,0,0,0,127,5,0x4C,0x15,1,32,0x4C,0x16,1,32,0x4C,0x17,1,32,0x4C,0x18,1,32,0x4C,0x19,1,12
1335,1,-1,128,30,4,1,0,0,0,0,0,127,1,0x07,0x0D,1,30
1337,1,-1,512,38,2,1,0,0,0,0,0,511,2,0x07,0x1B,1,32,0x07,0x1C,1,6
1338,1,-1,32,64,2,1,0,0,0,0,0,31,2,0x4D,0x05,1,32,0x4D,0x06,1,32
1339,1,-1,64,96,2,1,0,0,0,0,0,63,3,0x05,0x04,1,32,0x05,0x05,1,32,0x05,0x06,1,32
1341,1,-1,128,45,4,1,0,0,0,0,0,127,2,0x01,0x03,1,32,0x01,0x04,1,13
1342,1,-1,128,96,2,1,0,0,0,0,0,127,3,0x4B,0x03,1,32,0x4B,0x04,1,32,0x4B,0x05,1,32
1345,1,-1,384,16,4,1,0,0,0,0,0,383,1,0x08,0x10,1,16
1346,1,-1,64,96,2,1,0,0,0,0,0,63,3,0x02,0x0B,1,32,0x02,0x0C,1,32,0x02,0x0D,1,32
1347,1,-1,256,64,2,1,0,0,0,0,0,255,2,0x49,0x13,1,32,0x49,0x14,1,32
1348,1,-1,64,96,2,1,0,0,0,0,0,63,3,0x02,0x14,1,32,0x02,0x15,1,32,0x02,0x16,1,32
1350,1,-1,64,144,2,1,0,0,0,0,0,63,5,0x49,0x01,1,32,0x49,0x02,1,32,0x49,0x03,1,32,0x49,0x04,1,32,0x49,0x05,1,16
1351,1,-1,128,108,2,1,0,0,0,0,0,127,4,0x01,0x09,1,32,0x01,0x0A,1,32,0x01,0x0B,1,32,0x01,0x0C,1,12
1353,1,-1,128,138,2,1,0,0,0,0,0,127,5,0x04,0x05,1,32,0x04,0x06,1,32,0x04,0x07,1,32,0x04,0x08,1,32,0x04,0x09,1,10
1354,1,-1,64,64,2,1,0,0,0,0,0,63,2,0x49,0x1A,1,32,0x49,0x1B,1,32
1356,1,-1,128,128,2,1,0,0,0,0,0,127,4,0x07,0x14,1,32,0x07,0x15,1,32,0x07,0x16,1,32,0x07,0x17,1,32
1357,1,-1,128,24,4,1,0,0,0,0,0,127,1,0x03,0x15,1,24
1359,1,-1,128,45,4,1,0,0,0,0,0,127,2,0x03,0x19,1,32,0x03,0x1A,1,13
1361,1,-1,112,74,2,1,0,0,0,0,0,111,3,0x03,0x0D,1,32,0x03,0x0E,1,32,0x03,0x0F,1,10
1362,1,-1,64,24,2,1,0,0,0,0,0,63,1,0x04,0x0B,1,24
1363,1,-1,128,105,4,1,0,0,0,0,0,127,4,0x01,0x16,1,32,0x01,0x17,1,32,0x01,0x18,1,32,0x01,0x19,1,9
1364,1,-1,64,96,2,1,0,0,0,0,0,63,3,0x05,0x07,1,32,0x05,0x08,1,32,0x05,0x09,1,32
1365,1,-1,128,36,4,1,0,0,0,0,0,127,2,0x06,0x14,1,32,0x06,0x15,1,4
1366,1,-1,64,24,2,1,0,0,0,0,0,63,1,0x04,0x1C,1,24
1368,1,-1,64,96,2,1,0,0,0,0,0,63,3,0x05,0x1A,1,32,0x05,0x1B,1,32,0x05,0x1C,1,32
1370,1,-1,64,128,2,1,0,0,0,0,0,63,4,0x02,0x00,1,32,0x02,0x01,1,32,0x02,0x02,1,32,0x02,0x03,1,32
1371,1,-1,64,96,2,1,0,0,0,0,0,63,3,0x02,0x11,1,32,0x02,0x12,1,32,0x02,0x13,1,32
1373,1,-1,384,20,4,1,0,0,0,0,0,383,1,0x05,0x0A,1,20
1374,1,-1,64,96,2,1,0,0,0,0,0,63,3,0x02,0x0E,1,32,0x02,0x0F,1,32,0x02,0x10,1,32
1376,1,-1,64,32,2,1,0,0,0,0,0,63,1,0x4A,0x01,1,32
1380,1,-1,64,32,2,1,0,0,0,0,0,63,1,0x4A,0x08,1,32
1381,1,-1,384,16,4,1,0,0,0,0,0,383,1,0x01,0x13,1,16
1382,1,-1,36,68,1,1,0,0,0,0,0,35,3,0x41,0x00,1,32,0x41,0x01,1,32,0x41,0x02,1,4
1386,1,-1,512,10,2,1,0,0,0,0,0,511,1,0x06,0x19,1,10
1387,1,-1,128,39,4,1,0,0,0,0,0,127,2,0x07,0x0B,1,32,0x07,0x0C,1,7
1388,1,-1,128,105,4,1,0,0,0,0,0,127,4,0x08,0x06,1,32,0x08,0x07,1,32,0x08,0x08,1,32,0x08,0x09,1,9
1389,1,-1,32768,32,32,1,0,0,0,0,0,32767,1,0x6C,0x00,1,32
1390,1,-1,256,8,4,1,0,0,0,0,0,255,1,0x49,0x0D,1,8
1391,1,-1,128,30,4,1,0,0,0,0,0,127,1,0x04,0x0A,1,30
1392,1,-1,64,76,1,1,0,0,0,0,0,63,3,0x4D,0x00,1,32,0x4D,0x01,1,32,0x4D,0x02,1,12
1393,1,-1,128,108,2,1,0,0,0,0,0,127,4,0x06,0x07,1,32,0x06,0x08,1,32,0x06,0x09,1,32,0x06,0x0A,1,12
1394,1,-1,512,10,2,1,0,0,0,0,0,511,1,0x01,0x12,1,10
1396,1,-1,64,96,2,1,0,0,0,0,0,63,3,0x08,0x14,1,32,0x08,0x15,1,32,0x08,0x16,1,32
1397,1,-1,384,16,4,1,0,0,0,0,0,383,1,0x06,0x02,1,16
1398,1,-1,272,68,2,1,0,0,0,0,0,271,3,0x41,0x03,1,32,0x41,0x04,1,32,0x41,0x05,1,4
1399,1,-1,128,96,2,1,0,0,0,0,0,127,3,0x4B,0x06,1,32,0x4B,0x07,1,32,0x4B,0x08,1,32
1400,1,-1,64,96,2,1,0,0,0,0,0,63,3,0x05,0x17,1,32,0x05,0x18,1,32,0x05,0x19,1,32
1401,1,-1,384,26,4,1,0,0,0,0,0,383,1,0x03,0x14,1,26
1402,1,-1,32,64,2,1,0,0,0,0,0,31,2,0x4D,0x07,1,32,0x4D,0x08,1,32
1403,1,-1,64,96,2,1,0,0,0,0,0,63,3,0x08,0x0A,1,32,0x08,0x0B,1,32,0x08,0x0C,1,32
1404,1,-1,128,36,4,1,0,0,0,0,0,127,2,0x02,0x1A,1,32,0x02,0x1B,1,4
1406,1,-1,192,128,4,1,0,0,0,0,0,191,2,0x00,0x02,1,64,0x00,0x03,1,64
1407,1,-1,256,64,2,1,0,0,0,0,0,255,2,0x49,0x18,1,32,0x49,0x19,1,32
1409,1,-1,256,8,4,1,0,0,0,0,0,255,1,0x4C,0x0F,1,8
1411,1,-1,512,20,2,1,0,0,0,0,0,511,1,0x06,0x13,1,20
1412,1,-1,128,45,4,1,0,0,0,0,0,127,2,0x03,0x0B,1,32,0x03,0x0C,1,13
1414,1,-1,32,48,2,1,0,0,0,0,0,31,2,0x4D,0x09,1,32,0x4D,0x0A,1,16
1415,1,-1,64,64,2,1,0,0,0,0,0,63,2,0x49,0x1C,1,32,0x49,0x1D,1,32
1416,1,-1,128,30,4,1,0,0,0,0,0,127,1,0x04,0x03,1,30
1417,1,-1,112,74,2,1,0,0,0,0,0,111,3,0x03,0x16,1,32,0x03,0x17,1,32,0x03,0x18,1,10
1419,1,-1,384,16,4,1,0,0,0,0,0,383,1,0x06,0x18,1,16
1420,1,-1,64,96,2,1,0,0,0,0,0,63,3,0x03,0x08,1,32,0x03,0x09,1,32,0x03,0x0A,1,32
1422,1,-1,64,26,2,1,0,0,0,0,0,63,1,0x4D,0x04,1,26
1423,1,-1,256,18,4,1,0,0,0,0,0,255,1,0x4B,0x0F,1,18
1424,1,-1,64,32,2,1,0,0,0,0,0,63,1,0x4A,0x04,1,32
1425,1,-1,64,96,2,1,0,0,0,0,0,63,3,0x4A,0x1A,1,32,0x4A,0x1B,1,32,0x4A,0x1C,1,32
1427,1,-1,384,16,4,1,0,0,0,0,0,383,1,0x07,0x18,1,16
1428,1,-1,384,20,4,1,0,0,0,0,0,383,1,0x07,0x02,1,20
1429,1,-1,256,18,4,1,0,0,0,0,0,255,1,0x4B,0x10,1,18
1432,1,-1,64,32,2,1,0,0,0,0,0,63,1,0x4A,0x07,1,32
1433,1,-1,128,24,4,1,0,0,0,0,0,127,1,0x07,0x1D,1,24
1434,1,-1,32,48,2,1,0,0,0,0,0,31,2,0x4D,0x0B,1,32,0x4D,0x0C,1,16
1435,1,-1,512,38,2,1,0,0,0,0,0,511,2,0x05,0x14,1,32,0x05,0x15,1,6
1438,1,-1,128,45,4,1,0,0,0,0,0,127,2,0x02,0x17,1,32,0x02,0x18,1,13
1441,1,-1,512,40,2,1,0,0,0,0,0,511,2,0x01,0x1A,1,32,0x01,0x1B,1,8
1444,1,-1,384,26,4,1,0,0,0,0,0,383,1,0x04,0x13,1,26
1445,1,-1,256,8,4,1,0,0,0,0,0,255,1,0x49,0x0E,1,8
1446,1,-1,64,32,2,1,0,0,0,0,0,63,1,0x4A,0x19,1,32
1447,1,-1,256,8,4,1,0,0,0,0,0,255,1,0x4C,0x0E,1,8
1449,1,-1,256,18,4,1,0,0,0,0,0,255,1,0x49,0x07,1,18
1452,1,-1,256,32,2,1,0,0,0,0,0,255,1,0x4C,0x0C,1,32
1454,1,-1,384,20,4,1,0,0,0,0,0,383,1,0x07,0x0A,1,20
1455,1,-1,32768,32,32,1,0,0,0,0,0,32767,1,0x68,0x01,1,32
1457,1,-1,64,32,2,1,0,0,0,0,0,63,1,0x4A,0x06,1,32
1458,1,-1,512,20,2,1,0,0,0,0,0,511,1,0x01,0x0D,1,20
1459,1,-1,64,32,2,1,0,0,0,0,0,63,1,0x4A,0x18,1,32
1460,1,-1,256,16,4,1,0,0,0,0,0,255,1,0x4A,0x10,1,16
1461,1,-1,256,32,2,1,0,0,0,0,0,255,1,0x4C,0x0D,1,32
1462,1,-1,64,32,2,1,0,0,0,0,0,63,1,0x4A,0x09,1,32
1463,1,-1,384,16,4,1,0,0,0,0,0,383,1,0x04,0x1B,1,16
1464,1,-1,64,32,2,1,0,0,0,0,0,63,1,0x4A,0x03,1,32
1465,1,-1,128,24,4,1,0,0,0,0,0,127,1,0x07,0x05,1,24
1466,1,-1,384,16,4,1,0,0,0,0,0,383,1,0x04,0x04,1,16
1467,1,-1,384,20,4,1,0,0,0,0,0,383,1,0x06,0x1D,1,20
1468,1,-1,64,26,2,1,0,0,0,0,0,63,1,0x4D,0x03,1,26
1469,1,-1,128,24,4,1,0,0,0,0,0,127,1,0x04,0x0C,1,24
1974,11,-1,4096,32,16,1,0,0,0,0,0,4095,1,0x20,0x00,1,32
1585,13,-1,256,72,4,1,0,0,0,0,0,255,2,0x41,0x1B,1,64,0x41,0x1C,1,8
1588,13,-1,64,138,2,1,0,0,0,0,0,63,5,0x37,0x04,1,32,0x37,0x05,1,32,0x37,0x06,1,32,0x37,0x07,1,32,0x37,0x08,1,10
1600,13,-1,368,16,4,1,0,0,0,0,0,367,1,0x14,0x10,1,16
1602,13,-1,32,137,4,1,0,0,0,0,0,31,3,0x36,0x03,1,64,0x36,0x04,1,64,0x36,0x05,1,9
1605,13,-1,24,256,2,1,0,0,0,0,0,23,8,0x12,0x10,1,32,0x12,0x11,1,32,0x12,0x12,1,32,0x12,0x13,1,32,0x12,0x14,1,32,0x12,0x15,1,32,0x12,0x16,1,32,0x12,0x17,1,32
1606,13,-1,128,22,2,1,0,0,0,0,0,127,1,0x27,0x04,1,22
1612,13,-1,336,20,2,1,0,0,0,0,0,335,1,0x12,0x0F,1,20
1619,13,-1,32768,32,32,1,0,0,0,0,0,32767,1,0x00,0x00,1,32
1623,13,-1,128,22,2,1,0,0,0,0,0,127,1,0x27,0x0B,1,22
1627,13,-1,256,72,4,1,0,0,0,0,0,255,2,0x41,0x06,1,64,0x41,0x07,1,8
1632,13,-1,368,16,4,1,0,0,0,0,0,367,1,0x11,0x00,1,16
1634,13,-1,128,22,2,1,0,0,0,0,0,127,1,0x37,0x03,1,22
1644,13,-1,128,22,2,1,0,0,0,0,0,127,1,0x27,0x00,1,22
1653,13,-1,512,39,4,1,0,0,0,0,0,511,1,0x34,0x01,1,39
1660,13,-1,256,72,4,1,0,0,0,0,0,255,2,0x41,0x16,1,64,0x41,0x17,1,8
1664,13,-1,24,256,2,1,0,0,0,0,0,23,8,0x13,0x10,1,32,0x13,0x11,1,32,0x13,0x12,1,32,0x13,0x13,1,32,0x13,0x14,1,32,0x13,0x15,1,32,0x13,0x16,1,32,0x13,0x17,1,32
1685,13,-1,336,20,2,1,0,0,0,0,0,335,1,0x13,0x0E,1,20
1686,13,-1,336,20,2,1,0,0,0,0,0,335,1,0x12,0x0E,1,20
1687,13,-1,64,64,4,1,0,0,0,0,0,63,1,0x18,0x00,1,64
1691,13,-1,512,39,4,1,0,0,0,0,0,511,1,0x34,0x00,1,39
1705,13,-1,24,24,2,1,0,0,0,0,0,23,1,0x13,0x18,1,24
1714,13,-1,128,22,2,1,0,0,0,0,0,127,1,0x27,0x01,1,22
1715,13,-1,256,72,4,1,0,0,0,0,0,255,2,0x41,0x03,1,64,0x41,0x04,1,8
1717,13,-1,24,166,2,1,0,0,0,0,0,23,6,0x15,0x1A,1,32,0x15,0x1B,1,32,0x15,0x1C,1,32,0x15,0x1D,1,32,0x15,0x1E,1,32,0x15,0x1F,1,6
1724,13,-1,128,78,2,1,0,0,0,0,0,127,3,0x10,0x08,1,32,0x10,0x09,1,32,0x10,0x0A,1,14
1727,13,-1,128,22,2,1,0,0,0,0,0,127,1,0x27,0x02,1,22
1743,13,-1,512,40,2,1,0,0,0,0,0,511,1,0x31,0x18,1,40
1760,13,-1,256,72,4,1,0,0,0,0,0,255,2,0x41,0x10,1,64,0x41,0x11,1,8
1761,13,-1,128,22,2,1,0,0,0,0,0,127,1,0x27,0x09,1,22
1766,13,-1,128,22,2,1,0,0,0,0,0,127,1,0x37,0x01,1,22
1771,13,-1,512,40,2,1,0,0,0,0,0,511,1,0x31,0x1D,1,40
1774,13,-1,128,22,2,1,0,0,0,0,0,127,1,0x27,0x06,1,22
1781,13,-1,256,72,4,1,0,0,0,0,0,255,2,0x41,0x01,1,64,0x41,0x02,1,8
1782,13,-1,512,40,2,1,0,0,0,0,0,511,1,0x31,0x19,1,40
1786,13,-1,128,22,2,1,0,0,0,0,0,127,1,0x27,0x03,1,22
1791,13,-1,512,40,2,1,0,0,0,0,0,511,1,0x31,0x1B,1,40
1792,13,-1,256,72,4,1,0,0,0,0,0,255,2,0x41,0x08,1,64,0x41,0x09,1,8
1794,13,-1,256,72,4,1,0,0,0,0,0,255,2,0x41,0x18,1,64,0x41,0x19,1,8
1800,13,-1,256,72,4,1,0,0,0,0,0,255,2,0x41,0x12,1,64,0x41,0x13,1,8
1803,13,-1,256,72,4,1,0,0,0,0,0,255,2,0x41,0x1D,1,64,0x41,0x1E,1,8
1804,13,-1,128,22,2,1,0,0,0,0,0,127,1,0x27,0x07,1,22
1806,13,-1,32,137,4,1,0,0,0,0,0,31,3,0x36,0x00,1,64,0x36,0x01,1,64,0x36,0x02,1,9
1809,13,-1,128,78,2,1,0,0,0,0,0,127,3,0x15,0x08,1,32,0x15,0x09,1,32,0x15,0x0A,1,14
1812,13,-1,512,39,4,1,0,0,0,0,0,511,1,0x34,0x02,1,39
1819,13,-1,64,256,4,1,0,0,0,0,0,63,4,0x43,0x17,1,64,0x43,0x18,1,64,0x43,0x19,1,64,0x43,0x1A,1,64
1822,13,-1,64,64,4,1,0,0,0,0,0,63,1,0x18,0x02,1,64
1826,13,-1,512,40,2,1,0,0,0,0,0,511,1,0x31,0x1C,1,40
1828,13,-1,128,22,2,1,0,0,0,0,0,127,1,0x27,0x0A,1,22
1840,13,-1,512,39,4,1,0,0,0,0,0,511,1,0x33,0x1A,1,39
1842,13,-1,256,72,4,1,0,0,0,0,0,255,2,0x41,0x0E,1,64,0x41,0x0F,1,8
1855,13,-1,64,57,4,1,0,0,0,0,0,63,1,0x17,0x02,1,57
1862,13,-1,512,39,4,1,0,0,0,0,0,511,1,0x33,0x19,1,39
1864,13,-1,512,40,2,1,0,0,0,0,0,511,1,0x32,0x00,1,40
1874,13,-1,512,39,4,1,0,0,0,0,0,511,1,0x33,0x1B,1,39
1878,13,-1,512,40,2,1,0,0,0,0,0,511,1,0x31,0x17,1,40
1879,13,-1,128,22,2,1,0,0,0,0,0,127,1,0x27,0x08,1,22
1880,13,-1,128,22,2,1,0,0,0,0,0,127,1,0x37,0x02,1,22
1885,13,-1,336,20,2,1,0,0,0,0,0,335,1,0x13,0x0F,1,20
1888,13,-1,256,72,4,1,0,0,0,0,0,255,2,0x41,0x14,1,64,0x41,0x15,1,8
1901,13,-1,512,40,2,1,0,0,0,0,0,511,1,0x31,0x1A,1,40
1903,13,-1,512,39,4,1,0,0,0,0,0,511,1,0x33,0x1C,1,39
1904,13,-1,128,22,2,1,0,0,0,0,0,127,1,0x27,0x05,1,22
1917,13,-1,24,24,2,1,0,0,0,0,0,23,1,0x12,0x18,1,24
1922,13,-1,128,22,2,1,0,0,0,0,0,127,1,0x37,0x00,1,22
1926,13,-1,64,57,4,1,0,0,0,0,0,63,1,0x17,0x01,1,57
1929,13,-1,512,39,4,1,0,0,0,0,0,511,1,0x33,0x1D,1,39
715,2,-1,48,148,2,1,0,0,0,0,0,47,5,0x16,0x0D,1,32,0x16,0x0E,1,32,0x16,0x0F,1,32,0x16,0x10,1,32,0x16,0x11,1,20
717,2,-1,96,52,2,1,0,0,0,0,0,95,2,0x14,0x18,1,32,0x14,0x19,1,20
721,2,-1,32,256,2,1,0,0,0,0,0,31,8,0x7A,0x0F,1,32,0x7A,0x10,1,32,0x7A,0x11,1,32,0x7A,0x12,1,32,0x7A,0x13,1,32,0x7A,0x14,1,32,0x7A,0x15,1,32,0x7A,0x16,1,32
723,2,-1,384,34,2,1,0,0,0,0,0,383,1,0x68,0x00,1,34
725,2,-1,48,148,2,1,0,0,0,0,0,47,5,0x16,0x08,1,32,0x16,0x09,1,32,0x16,0x0A,1,32,0x16,0x0B,1,32,0x16,0x0C,1,20
726,2,-1,32,170,2,1,0,0,0,0,0,31,6,0x12,0x00,1,32,0x12,0x01,1,32,0x12,0x02,1,32,0x12,0x03,1,32,0x12,0x04,1,32,0x12,0x05,1,10
730,2,-1,64,240,2,1,0,0,0,0,0,63,8,0x7A,0x07,1,32,0x7A,0x08,1,32,0x7A,0x09,1,32,0x7A,0x0A,1,32,0x7A,0x0B,1,32,0x7A,0x0C,1,32,0x7A,0x0D,1,32,0x7A,0x0E,1,16
731,2,-1,64,144,2,1,0,0,0,0,0,63,5,0x11,0x0F,1,32,0x11,0x10,1,32,0x11,0x11,1,32,0x11,0x12,1,32,0x11,0x13,1,16
745,2,-1,56,136,1,1,0,0,0,0,0,55,5,0x69,0x03,1,32,0x69,0x04,1,32,0x69,0x05,1,32,0x69,0x06,1,32,0x69,0x07,1,8
746,2,-1,128,128,2,1,0,0,0,0,0,127,4,0x12,0x0C,1,32,0x12,0x0D,1,32,0x12,0x0E,1,32,0x12,0x0F,1,32
751,2,-1,256,18,4,1,0,0,0,0,0,255,1,0x13,0x0A,1,18
755,2,-1,48,240,2,1,0,0,0,0,0,47,8,0x16,0x00,1,32,0x16,0x01,1,32,0x16,0x02,1,32,0x16,0x03,1,32,0x16,0x04,1,32,0x16,0x05,1,32,0x16,0x06,1,32,0x16,0x07,1,16
757,2,-1,16,144,2,1,0,0,0,0,0,15,5,0x12,0x06,1,32,0x12,0x07,1,32,0x12,0x08,1,32,0x12,0x09,1,32,0x12,0x0A,1,16
758,2,-1,288,68,2,1,0,0,0,0,0,287,3,0x69,0x00,1,32,0x69,0x01,1,32,0x69,0x02,1,4
762,2,-1,128,128,2,1,0,0,0,0,0,127,4,0x12,0x10,1,32,0x12,0x11,1,32,0x12,0x12,1,32,0x12,0x13,1,32
764,2,-1,64,156,2,1,0,0,0,0,0,63,5,0x10,0x05,1,32,0x10,0x06,1,32,0x10,0x07,1,32,0x10,0x08,1,32,0x10,0x09,1,28
766,2,-1,64,144,2,1,0,0,0,0,0,63,5,0x11,0x00,1,32,0x11,0x01,1,32,0x11,0x02,1,32,0x11,0x03,1,32,0x11,0x04,1,16
768,2,-1,64,144,2,1,0,0,0,0,0,63,5,0x11,0x05,1,32,0x11,0x06,1,32,0x11,0x07,1,32,0x11,0x08,1,32,0x11,0x09,1,16
781,2,-1,64,144,2,1,0,0,0,0,0,63,5,0x11,0x0A,1,32,0x11,0x0B,1,32,0x11,0x0C,1,32,0x11,0x0D,1,32,0x11,0x0E,1,16
783,2,-1,32,166,2,1,0,0,0,0,0,31,6,0x13,0x11,1,32,0x13,0x12,1,32,0x13,0x13,1,32,0x13,0x14,1,32,0x13,0x15,1,32,0x13,0x16,1,6
784,2,-1,256,20,2,1,0,0,0,0,0,255,1,0x79,0x04,1,20
786,2,-1,48,144,2,1,0,0,0,0,0,47,5,0x11,0x14,1,32,0x11,0x15,1,32,0x11,0x16,1,32,0x11,0x17,1,32,0x11,0x18,1,16
794,2,-1,32,166,2,1,0,0,0,0,0,31,6,0x13,0x0B,1,32,0x13,0x0C,1,32,0x13,0x0D,1,32,0x13,0x0E,1,32,0x13,0x0F,1,32,0x13,0x10,1,6
799,2,-1,48,140,2,1,0,0,0,0,0,47,5,0x14,0x00,1,32,0x14,0x01,1,32,0x14,0x02,1,32,0x14,0x03,1,32,0x14,0x04,1,12
802,2,-1,32,144,2,1,0,0,0,0,0,31,5,0x10,0x0F,1,32,0x10,0x10,1,32,0x10,0x11,1,32,0x10,0x12,1,32,0x10,0x13,1,16
806,2,-1,64,130,2,1,0,0,0,0,0,63,5,0x13,0x00,1,32,0x13,0x01,1,32,0x13,0x02,1,32,0x13,0x03,1,32,0x13,0x04,1,2
807,2,-1,16,144,2,1,0,0,0,0,0,15,5,0x10,0x14,1,32,0x10,0x15,1,32,0x10,0x16,1,32,0x10,0x17,1,32,0x10,0x18,1,16
810,2,-1,256,32,2,1,0,0,0,0,0,255,1,0x79,0x05,1,32
811,2,-1,32,256,2,1,0,0,0,0,0,31,8,0x7B,0x00,1,32,0x7B,0x01,1,32,0x7B,0x02,1,32,0x7B,0x03,1,32,0x7B,0x04,1,32,0x7B,0x05,1,32,0x7B,0x06,1,32,0x7B,0x07,1,32
812,2,-1,128,130,2,1,0,0,0,0,0,127,5,0x13,0x05,1,32,0x13,0x06,1,32,0x13,0x07,1,32,0x13,0x08,1,32,0x13,0x09,1,2
814,2,-1,256,8,4,1,0,0,0,0,0,255,1,0x13,0x17,1,8
825,2,-1,40,78,2,1,0,0,0,0,0,39,3,0x79,0x08,1,32,0x79,0x09,1,32,0x79,0x0A,1,14
835,2,-1,216,36,1,1,0,0,0,0,0,215,2,0x69,0x08,1,32,0x69,0x09,1,4
836,2,-1,40,52,2,1,0,0,0,0,0,39,2,0x79,0x01,1,32,0x79,0x02,1,20
837,2,-1,256,18,4,1,0,0,0,0,0,255,1,0x12,0x0B,1,18
841,2,-1,48,140,2,1,0,0,0,0,0,47,5,0x14,0x05,1,32,0x14,0x06,1,32,0x14,0x07,1,32,0x14,0x08,1,32,0x14,0x09,1,12
844,2,-1,256,80,4,1,0,0,0,0,0,255,2,0x88,0x00,1,64,0x88,0x01,1,16
845,2,-1,32768,32,32,1,0,0,0,0,0,32767,1,0x8C,0x00,1,32
846,2,-1,32,40,2,1,0,0,0,0,0,31,2,0x79,0x06,1,32,0x79,0x07,1,8
849,2,-1,128,16,2,1,0,0,0,0,0,127,1,0x79,0x11,1,16
850,2,-1,96,78,2,1,0,0,0,0,0,95,3,0x16,0x12,1,32,0x16,0x13,1,32,0x16,0x14,1,14
856,2,-1,192,16,4,1,0,0,0,0,0,191,1,0x15,0x07,1,16
860,2,-1,32,24,2,1,0,0,0,0,0,31,1,0x79,0x00,1,24
867,2,-1,128,9,4,1,0,0,0,0,0,127,1,0x68,0x01,1,9
869,2,-1,256,20,2,1,0,0,0,0,0,255,1,0x79,0x03,1,20
873,2,-1,256,19,4,1,0,0,0,0,0,255,1,0x14,0x1A,1,19
3,14,-1,20,68,1,1,0,0,0,0,0,19,3,0x61,0x09,1,32,0x61,0x0A,1,32,0x61,0x0B,1,4
4,14,-1,64,88,4,1,0,0,0,0,0,63,2,0x70,0x18,1,64,0x70,0x19,1,24
5,14,-1,128,88,2,1,0,0,0,0,0,127,3,0x7A,0x12,1,32,0x7A,0x13,1,32,0x7A,0x14,1,24
6,14,-1,64,130,2,1,0,0,0,0,0,63,5,0x1C,0x19,1,32,0x1C,0x1A,1,32,0x1C,0x1B,1,32,0x1C,0x1C,1,32,0x1C,0x1D,1,2
7,14,-1,128,130,2,1,0,0,0,0,0,127,5,0x16,0x0C,1,32,0x16,0x0D,1,32,0x16,0x0E,1,32,0x16,0x0F,1,32,0x16,0x10,1,2
8,14,-1,16,256,2,1,0,0,0,0,0,15,8,0x12,0x00,1,32,0x12,0x01,1,32,0x12,0x02,1,32,0x12,0x03,1,32,0x12,0x04,1,32,0x12,0x05,1,32,0x12,0x06,1,32,0x12,0x07,1,32
11,14,-1,16,140,2,1,0,0,0,0,0,15,5,0x14,0x0A,1,32,0x14,0x0B,1,32,0x14,0x0C,1,32,0x14,0x0D,1,32,0x14,0x0E,1,12
12,14,-1,128,80,2,1,0,0,0,0,0,127,3,0x7A,0x09,1,32,0x7A,0x0A,1,32,0x7A,0x0B,1,16
13,14,-1,16,140,2,1,0,0,0,0,0,15,5,0x53,0x18,1,32,0x53,0x19,1,32,0x53,0x1A,1,32,0x53,0x1B,1,32,0x53,0x1C,1,12
14,14,-1,16,52,2,1,0,0,0,0,0,15,2,0x73,0x14,1,32,0x73,0x15,1,20
16,14,-1,72,164,2,1,0,0,0,0,0,71,6,0x73,0x08,1,32,0x73,0x09,1,32,0x73,0x0A,1,32,0x73,0x0B,1,32,0x73,0x0C,1,32,0x73,0x0D,1,4
17,14,-1,64,130,2,1,0,0,0,0,0,63,5,0x1A,0x05,1,32,0x1A,0x06,1,32,0x1A,0x07,1,32,0x1A,0x08,1,32,0x1A,0x09,1,2
18,14,-1,1536,8,4,1,0,0,0,0,0,1535,1,0x17,0x1A,1,8
19,14,-1,1536,8,4,1,0,0,0,0,0,1535,1,0x17,0x0D,1,8
20,14,-1,16,140,2,1,0,0,0,0,0,15,5,0x1B,0x00,1,32,0x1B,0x01,1,32,0x1B,0x02,1,32,0x1B,0x03,1,32,0x1B,0x04,1,12
21,14,-1,16,140,2,1,0,0,0,0,0,15,5,0x14,0x0F,1,32,0x14,0x10,1,32,0x14,0x11,1,32,0x14,0x12,1,32,0x14,0x13,1,12
22,14,-1,64,130,2,1,0,0,0,0,0,63,5,0x18,0x0C,1,32,0x18,0x0D,1,32,0x18,0x0E,1,32,0x18,0x0F,1,32,0x18,0x10,1,2
23,14,-1,64,216,2,1,0,0,0,0,0,63,7,0x12,0x16,1,32,0x12,0x17,1,32,0x12,0x18,1,32,0x12,0x19,1,32,0x12,0x1A,1,32,0x12,0x1B,1,32,0x12,0x1C,1,24
24,14,-1,64,130,2,1,0,0,0,0,0,63,5,0x1D,0x05,1,32,0x1D,0x06,1,32,0x1D,0x07,1,32,0x1D,0x08,1,32,0x1D,0x09,1,2
27,14,-1,16,224,2,1,0,0,0,0,0,15,7,0x18,0x11,1,32,0x18,0x12,1,32,0x18,0x13,1,32,0x18,0x14,1,32,0x18,0x15,1,32,0x18,0x16,1,32,0x18,0x17,1,32
28,14,-1,128,80,2,1,0,0,0,0,0,127,3,0x3A,0x00,1,32,0x3A,0x01,1,32,0x3A,0x02,1,16
29,14,-1,56,136,1,1,0,0,0,0,0,55,5,0x69,0x03,1,32,0x69,0x04,1,32,0x69,0x05,1,32,0x69,0x06,1,32,0x69,0x07,1,8
30,14,-1,16,140,2,1,0,0,0,0,0,15,5,0x1B,0x0F,1,32,0x1B,0x10,1,32,0x1B,0x11,1,32,0x1B,0x12,1,32,0x1B,0x13,1,12
31,14,-1,64,240,2,1,0,0,0,0,0,63,8,0x12,0x08,1,32,0x12,0x09,1,32,0x12,0x0A,1,32,0x12,0x0B,1,32,0x12,0x0C,1,32,0x12,0x0D,1,32,0x12,0x0E,1,32,0x12,0x0F,1,16
32,14,-1,128,88,2,1,0,0,0,0,0,127,3,0x7A,0x0C,1,32,0x7A,0x0D,1,32,0x7A,0x0E,1,24
33,14,-1,64,130,2,1,0,0,0,0,0,63,5,0x16,0x14,1,32,0x16,0x15,1,32,0x16,0x16,1,32,0x16,0x17,1,32,0x16,0x18,1,2
36,14,-1,16,140,2,1,0,0,0,0,0,15,5,0x1B,0x05,1,32,0x1B,0x06,1,32,0x1B,0x07,1,32,0x1B,0x08,1,32,0x1B,0x09,1,12
39,14,-1,36,68,1,1,0,0,0,0,0,35,3,0x61,0x00,1,32,0x61,0x01,1,32,0x61,0x02,1,4
42,14,-1,64,130,2,1,0,0,0,0,0,63,5,0x18,0x07,1,32,0x18,0x08,1,32,0x18,0x09,1,32,0x18,0x0A,1,32,0x18,0x0B,1,2
43,14,-1,256,48,4,1,0,0,0,0,0,255,1,0x39,0x06,1,48
44,14,-1,16,140,2,1,0,0,0,0,0,15,5,0x1A,0x19,1,32,0x1A,0x1A,1,32,0x1A,0x1B,1,32,0x1A,0x1C,1,32,0x1A,0x1D,1,12
45,14,-1,288,68,2,1,0,0,0,0,0,287,3,0x69,0x00,1,32,0x69,0x01,1,32,0x69,0x02,1,4
47,14,-1,32,16,2,1,0,0,0,0,0,31,1,0x12,0x10,1,16
48,14,-1,16,140,2,1,0,0,0,0,0,15,5,0x54,0x00,1,32,0x54,0x01,1,32,0x54,0x02,1,32,0x54,0x03,1,32,0x54,0x04,1,12
50,14,-1,16,256,2,1,0,0,0,0,0,15,8,0x1C,0x10,1,32,0x1C,0x11,1,32,0x1C,0x12,1,32,0x1C,0x13,1,32,0x1C,0x14,1,32,0x1C,0x15,1,32,0x1C,0x16,1,32,0x1C,0x17,1,32
54,14,-1,64,128,2,1,0,0,0,0,0,63,4,0x15,0x14,1,32,0x15,0x15,1,32,0x15,0x16,1,32,0x15,0x17,1,32
55,14,-1,1568,8,8,1,0,0,0,0,0,1567,1,0x11,0x00,1,8
56,14,-1,16,78,2,1,0,0,0,0,0,15,3,0x52,0x1A,1,32,0x52,0x1B,1,32,0x52,0x1C,1,14
57,14,-1,16,148,2,1,0,0,0,0,0,15,5,0x72,0x0F,1,32,0x72,0x10,1,32,0x72,0x11,1,32,0x72,0x12,1,32,0x72,0x13,1,20
58,14,-1,1568,8,8,1,0,0,0,0,0,1567,1,0x11,0x01,1,8
60,14,-1,1536,8,4,1,0,0,0,0,0,1535,1,0x17,0x0B,1,8
61,14,-1,1568,8,8,1,0,0,0,0,0,1567,1,0x11,0x07,1,8
64,14,-1,16,140,2,1,0,0,0,0,0,15,5,0x1A,0x14,1,32,0x1A,0x15,1,32,0x1A,0x16,1,32,0x1A,0x17,1,32,0x1A,0x18,1,12
65,14,-1,64,88,4,1,0,0,0,0,0,63,2,0x71,0x02,1,64,0x71,0x03,1,24
66,14,-1,1568,8,8,1,0,0,0,0,0,1567,1,0x10,0x1B,1,8
67,14,-1,256,48,4,1,0,0,0,0,0,255,1,0x39,0x0B,1,48
68,14,-1,128,128,2,1,0,0,0,0,0,127,4,0x15,0x00,1,32,0x15,0x01,1,32,0x15,0x02,1,32,0x15,0x03,1,32
69,14,-1,24,78,2,1,0,0,0,0,0,23,3,0x12,0x13,1,32,0x12,0x14,1,32,0x12,0x15,1,14
70,14,-1,1568,8,8,1,0,0,0,0,0,1567,1,0x11,0x06,1,8
72,14,-1,16,78,2,1,0,0,0,0,0,15,3,0x72,0x1A,1,32,0x72,0x1B,1,32,0x72,0x1C,1,14
75,14,-1,512,32,4,1,0,0,0,0,0,511,1,0x48,0x0F,1,32
76,14,-1,64,128,1,1,0,0,0,0,0,63,4,0x7A,0x18,1,32,0x7A,0x19,1,32,0x7A,0x1A,1,32,0x7A,0x1B,1,32
79,14,-1,64,88,4,1,0,0,0,0,0,63,2,0x70,0x1A,1,64,0x70,0x1B,1,24
81,14,-1,16,140,2,1,0,0,0,0,0,15,5,0x1A,0x0F,1,32,0x1A,0x10,1,32,0x1A,0x11,1,32,0x1A,0x12,1,32,0x1A,0x13,1,12
82,14,-1,1536,8,4,1,0,0,0,0,0,1535,1,0x17,0x13,1,8
84,14,-1,16,140,2,1,0,0,0,0,0,15,5,0x13,0x12,1,32,0x13,0x13,1,32,0x13,0x14,1,32,0x13,0x15,1,32,0x13,0x16,1,12
85,14,-1,1536,8,4,1,0,0,0,0,0,1535,1,0x17,0x07,1,8
86,14,-1,16,16,2,1,0,0,0,0,0,15,1,0x52,0x19,1,16
88,14,-1,72,164,2,1,0,0,0,0,0,71,6,0x53,0x08,1,32,0x53,0x09,1,32,0x53,0x0A,1,32,0x53,0x0B,1,32,0x53,0x0C,1,32,0x53,0x0D,1,4
89,14,-1,16,240,2,1,0,0,0,0,0,15,8,0x52,0x00,1,32,0x52,0x01,1,32,0x52,0x02,1,32,0x52,0x03,1,32,0x52,0x04,1,32,0x52,0x05,1,32,0x52,0x06,1,32,0x52,0x07,1,16
90,14,-1,40,128,2,1,0,0,0,0,0,39,4,0x73,0x00,1,32,0x73,0x01,1,32,0x73,0x02,1,32,0x73,0x03,1,32
92,14,-1,128,88,2,1,0,0,0,0,0,127,3,0x3A,0x0F,1,32,0x3A,0x10,1,32,0x3A,0x11,1,24
94,14,-1,16,140,2,1,0,0,0,0,0,15,5,0x13,0x0D,1,32,0x13,0x0E,1,32,0x13,0x0F,1,32,0x13,0x10,1,32,0x13,0x11,1,12
95,14,-1,512,32,4,1,0,0,0,0,0,511,1,0x48,0x0C,1,32
96,14,-1,512,32,4,1,0,0,0,0,0,511,1,0x48,0x07,1,32
97,14,-1,128,80,2,1,0,0,0,0,0,127,3,0x7A,0x06,1,32,0x7A,0x07,1,32,0x7A,0x08,1,16
98,14,-1,64,130,2,1,0,0,0,0,0,63,5,0x18,0x02,1,32,0x18,0x03,1,32,0x18,0x04,1,32,0x18,0x05,1,32,0x18,0x06,1,2
99,14,-1,64,128,2,1,0,0,0,0,0,63,4,0x16,0x00,1,32,0x16,0x01,1,32,0x16,0x02,1,32,0x16,0x03,1,32
100,14,-1,64,130,2,1,0,0,0,0,0,63,5,0x16,0x19,1,32,0x16,0x1A,1,32,0x16,0x1B,1,32,0x16,0x1C,1,32,0x16,0x1D,1,2
101,14,-1,16,216,2,1,0,0,0,0,0,15,7,0x52,0x08,1,32,0x52,0x09,1,32,0x52,0x0A,1,32,0x52,0x0B,1,32,0x52,0x0C,1,32,0x52,0x0D,1,32,0x52,0x0E,1,24
102,14,-1,1536,8,4,1,0,0,0,0,0,1535,1,0x17,0x1C,1,8
103,14,-1,1568,8,8,1,0,0,0,0,0,1567,1,0x10,0x12,1,8
105,14,-1,160,128,2,1,0,0,0,0,0,159,4,0x13,0x04,1,32,0x13,0x05,1,32,0x13,0x06,1,32,0x13,0x07,1,32
107,14,-1,1568,8,8,1,0,0,0,0,0,1567,1,0x10,0x14,1,8
109,14,-1,16,140,2,1,0,0,0,0,0,15,5,0x73,0x18,1,32,0x73,0x19,1,32,0x73,0x1A,1,32,0x73,0x1B,1,32,0x73,0x1C,1,12
111,14,-1,256,48,4,1,0,0,0,0,0,255,1,0x79,0x05,1,48
113,14,-1,16,140,2,1,0,0,0,0,0,15,5,0x1A,0x0A,1,32,0x1A,0x0B,1,32,0x1A,0x0C,1,32,0x1A,0x0D,1,32,0x1A,0x0E,1,12
115,14,-1,16,140,2,1,0,0,0,0,0,15,5,0x74,0x00,1,32,0x74,0x01,1,32,0x74,0x02,1,32,0x74,0x03,1,32,0x74,0x04,1,12
116,14,-1,160,128,2,1,0,0,0,0,0,159,4,0x13,0x00,1,32,0x13,0x01,1,32,0x13,0x02,1,32,0x13,0x03,1,32
120,14,-1,16,140,2,1,0,0,0,0,0,15,5,0x13,0x17,1,32,0x13,0x18,1,32,0x13,0x19,1,32,0x13,0x1A,1,32,0x13,0x1B,1,12
122,14,-1,16,240,2,1,0,0,0,0,0,15,8,0x72,0x00,1,32,0x72,0x01,1,32,0x72,0x02,1,32,0x72,0x03,1,32,0x72,0x04,1,32,0x72,0x05,1,32,0x72,0x06,1,32,0x72,0x07,1,16
123,14,-1,1536,8,4,1,0,0,0,0,0,1535,1,0x17,0x0C,1,8
124,14,-1,1536,8,4,1,0,0,0,0,0,1535,1,0x17,0x03,1,8
125,14,-1,128,80,2,1,0,0,0,0,0,127,3,0x3A,0x06,1,32,0x3A,0x07,1,32,0x3A,0x08,1,16
126,14,-1,1536,8,4,1,0,0,0,0,0,1535,1,0x18,0x00,1,8
127,14,-1,256,48,4,1,0,0,0,0,0,255,1,0x39,0x0A,1,48
129,14,-1,1568,8,8,1,0,0,0,0,0,1567,1,0x10,0x10,1,8
130,14,-1,128,80,2,1,0,0,0,0,0,127,3,0x3A,0x03,1,32,0x3A,0x04,1,32,0x3A,0x05,1,16
131,14,-1,16,140,2,1,0,0,0,0,0,15,5,0x14,0x00,1,32,0x14,0x01,1,32,0x14,0x02,1,32,0x14,0x03,1,32,0x14,0x04,1,12
132,14,-1,128,88,2,1,0,0,0,0,0,127,3,0x7A,0x0F,1,32,0x7A,0x10,1,32,0x7A,0x11,1,24
133,14,-1,64,128,1,1,0,0,0,0,0,63,4,0x3B,0x00,1,32,0x3B,0x01,1,32,0x3B,0x02,1,32,0x3B,0x03,1,32
134,14,-1,64,128,2,1,0,0,0,0,0,63,4,0x15,0x0C,1,32,0x15,0x0D,1,32,0x15,0x0E,1,32,0x15,0x0F,1,32
135,14,-1,1536,8,4,1,0,0,0,0,0,1535,1,0x17,0x14,1,8
136,14,-1,64,128,2,1,0,0,0,0,0,63,4,0x15,0x10,1,32,0x15,0x11,1,32,0x15,0x12,1,32,0x15,0x13,1,32
137,14,-1,16,148,2,1,0,0,0,0,0,15,5,0x72,0x14,1,32,0x72,0x15,1,32,0x72,0x16,1,32,0x72,0x17,1,32,0x72,0x18,1,20
138,14,-1,512,32,4,1,0,0,0,0,0,511,1,0x48,0x0E,1,32
142,14,-1,256,48,4,1,0,0,0,0,0,255,1,0x79,0x0A,1,48
144,14,-1,72,164,2,1,0,0,0,0,0,71,6,0x53,0x0E,1,32,0x53,0x0F,1,32,0x53,0x10,1,32,0x53,0x11,1,32,0x53,0x12,1,32,0x53,0x13,1,4
145,14,-1,64,88,4,1,0,0,0,0,0,63,2,0x51,0x00,1,64,0x51,0x01,1,24
148,14,-1,1568,8,8,1,0,0,0,0,0,1567,1,0x10,0x19,1,8
150,14,-1,512,32,4,1,0,0,0,0,0,511,1,0x48,0x02,1,32
151,14,-1,16,148,2,1,0,0,0,0,0,15,5,0x52,0x14,1,32,0x52,0x15,1,32,0x52,0x16,1,32,0x52,0x17,1,32,0x52,0x18,1,20
153,14,-1,1568,8,8,1,0,0,0,0,0,1567,1,0x10,0x15,1,8
154,14,-1,240,20,4,1,0,0,0,0,0,239,1,0x1C,0x0E,1,20
155,14,-1,128,88,2,1,0,0,0,0,0,127,3,0x3A,0x12,1,32,0x3A,0x13,1,32,0x3A,0x14,1,24
158,14,-1,256,48,4,1,0,0,0,0,0,255,1,0x79,0x06,1,48
159,14,-1,128,128,2,1,0,0,0,0,0,127,4,0x14,0x17,1,32,0x14,0x18,1,32,0x14,0x19,1,32,0x14,0x1A,1,32
160,14,-1,72,164,2,1,0,0,0,0,0,71,6,0x73,0x0E,1,32,0x73,0x0F,1,32,0x73,0x10,1,32,0x73,0x11,1,32,0x73,0x12,1,32,0x73,0x13,1,4
162,14,-1,16,148,2,1,0,0,0,0,0,15,5,0x52,0x0F,1,32,0x52,0x10,1,32,0x52,0x11,1,32,0x52,0x12,1,32,0x52,0x13,1,20
164,14,-1,64,130,2,1,0,0,0,0,0,63,5,0x19,0x19,1,32,0x19,0x1A,1,32,0x19,0x1B,1,32,0x19,0x1C,1,32,0x19,0x1D,1,2
165,14,-1,1568,8,8,1,0,0,0,0,0,1567,1,0x10,0x08,1,8
169,14,-1,40,128,2,1,0,0,0,0,0,39,4,0x53,0x04,1,32,0x53,0x05,1,32,0x53,0x06,1,32,0x53,0x07,1,32
170,14,-1,1536,8,4,1,0,0,0,0,0,1535,1,0x18,0x01,1,8
171,14,-1,16,140,2,1,0,0,0,0,0,15,5,0x13,0x08,1,32,0x13,0x09,1,32,0x13,0x0A,1,32,0x13,0x0B,1,32,0x13,0x0C,1,12
172,14,-1,40,128,2,1,0,0,0,0,0,39,4,0x53,0x00,1,32,0x53,0x01,1,32,0x53,0x02,1,32,0x53,0x03,1,32
175,14,-1,128,80,2,1,0,0,0,0,0,127,3,0x7A,0x03,1,32,0x7A,0x04,1,32,0x7A,0x05,1,16
177,14,-1,1568,8,8,1,0,0,0,0,0,1567,1,0x11,0x04,1,8
178,14,-1,128,130,2,1,0,0,0,0,0,127,5,0x16,0x07,1,32,0x16,0x08,1,32,0x16,0x09,1,32,0x16,0x0A,1,32,0x16,0x0B,1,2
179,14,-1,1568,8,8,1,0,0,0,0,0,1567,1,0x10,0x1C,1,8
180,14,-1,512,32,4,1,0,0,0,0,0,511,1,0x48,0x0A,1,32
181,14,-1,64,128,2,1,0,0,0,0,0,63,4,0x15,0x18,1,32,0x15,0x19,1,32,0x15,0x1A,1,32,0x15,0x1B,1,32
182,14,-1,256,48,4,1,0,0,0,0,0,255,1,0x39,0x08,1,48
184,14,-1,512,32,4,1,0,0,0,0,0,511,1,0x48,0x06,1,32
186,14,-1,256,48,4,1,0,0,0,0,0,255,1,0x79,0x07,1,48
188,14,-1,1536,8,4,1,0,0,0,0,0,1535,1,0x17,0x09,1,8
189,14,-1,128,14,2,1,0,0,0,0,0,127,1,0x85,0x01,1,14
190,14,-1,16,140,2,1,0,0,0,0,0,15,5,0x1B,0x0A,1,32,0x1B,0x0B,1,32,0x1B,0x0C,1,32,0x1B,0x0D,1,32,0x1B,0x0E,1,12
192,14,-1,64,128,1,1,0,0,0,0,0,63,4,0x7B,0x00,1,32,0x7B,0x01,1,32,0x7B,0x02,1,32,0x7B,0x03,1,32
193,14,-1,64,88,4,1,0,0,0,0,0,63,2,0x71,0x00,1,64,0x71,0x01,1,24
194,14,-1,64,130,2,1,0,0,0,0,0,63,5,0x1D,0x00,1,32,0x1D,0x01,1,32,0x1D,0x02,1,32,0x1D,0x03,1,32,0x1D,0x04,1,2
196,14,-1,16,52,2,1,0,0,0,0,0,15,2,0x53,0x14,1,32,0x53,0x15,1,20
197,14,-1,128,130,2,1,0,0,0,0,0,127,5,0x1A,0x00,1,32,0x1A,0x01,1,32,0x1A,0x02,1,32,0x1A,0x03,1,32,0x1A,0x04,1,2
201,14,-1,1536,8,4,1,0,0,0,0,0,1535,1,0x17,0x1B,1,8
202,14,-1,1568,8,8,1,0,0,0,0,0,1567,1,0x10,0x18,1,8
203,14,-1,1536,8,4,1,0,0,0,0,0,1535,1,0x17,0x15,1,8
204,14,-1,16,40,2,1,0,0,0,0,0,15,2,0x12,0x11,1,32,0x12,0x12,1,8
206,14,-1,1536,8,4,1,0,0,0,0,0,1535,1,0x17,0x00,1,8
208,14,-1,512,32,4,1,0,0,0,0,0,511,1,0x48,0x0D,1,32
209,14,-1,256,48,4,1,0,0,0,0,0,255,1,0x79,0x0B,1,48
212,14,-1,64,128,1,1,0,0,0,0,0,63,4,0x3A,0x18,1,32,0x3A,0x19,1,32,0x3A,0x1A,1,32,0x3A,0x1B,1,32
213,14,-1,1568,8,8,1,0,0,0,0,0,1567,1,0x10,0x16,1,8
214,14,-1,128,88,2,1,0,0,0,0,0,127,3,0x3A,0x15,1,32,0x3A,0x16,1,32,0x3A,0x17,1,24
215,14,-1,64,130,2,1,0,0,0,0,0,63,5,0x19,0x03,1,32,0x19,0x04,1,32,0x19,0x05,1,32,0x19,0x06,1,32,0x19,0x07,1,2
216,14,-1,512,32,4,1,0,0,0,0,0,511,1,0x48,0x05,1,32
217,14,-1,256,48,4,1,0,0,0,0,0,255,1,0x39,0x09,1,48
218,14,-1,128,80,2,1,0,0,0,0,0,127,3,0x7A,0x00,1,32,0x7A,0x01,1,32,0x7A,0x02,1,16
220,14,-1,128,9,4,1,0,0,0,0,0,127,1,0x68,0x01,1,9
221,14,-1,272,68,2,1,0,0,0,0,0,271,3,0x61,0x03,1,32,0x61,0x04,1,32,0x61,0x05,1,4
224,14,-1,16,216,2,1,0,0,0,0,0,15,7,0x72,0x08,1,32,0x72,0x09,1,32,0x72,0x0A,1,32,0x72,0x0B,1,32,0x72,0x0C,1,32,0x72,0x0D,1,32,0x72,0x0E,1,24
225,14,-1,512,32,4,1,0,0,0,0,0,511,1,0x48,0x08,1,32
226,14,-1,64,88,4,1,0,0,0,0,0,63,2,0x51,0x02,1,64,0x51,0x03,1,24
228,14,-1,1568,8,8,1,0,0,0,0,0,1567,1,0x11,0x05,1,8
229,14,-1,128,128,2,1,0,0,0,0,0,127,4,0x15,0x08,1,32,0x15,0x09,1,32,0x15,0x0A,1,32,0x15,0x0B,1,32
231,14,-1,1568,8,8,1,0,0,0,0,0,1567,1,0x10,0x1D,1,8
232,14,-1,256,48,4,1,0,0,0,0,0,255,1,0x39,0x05,1,48
233,14,-1,128,88,2,1,0,0,0,0,0,127,3,0x3A,0x0C,1,32,0x3A,0x0D,1,32,0x3A,0x0E,1,24
234,14,-1,16,140,2,1,0,0,0,0,0,15,5,0x14,0x05,1,32,0x14,0x06,1,32,0x14,0x07,1,32,0x14,0x08,1,32,0x14,0x09,1,12
237,14,-1,1536,8,4,1,0,0,0,0,0,1535,1,0x17,0x04,1,8
238,14,-1,72,20,2,1,0,0,0,0,0,71,1,0x53,0x16,1,20
240,14,-1,1536,8,4,1,0,0,0,0,0,1535,1,0x17,0x10,1,8
242,14,-1,512,32,4,1,0,0,0,0,0,511,1,0x48,0x00,1,32
243,14,-1,256,48,4,1,0,0,0,0,0,255,1,0x79,0x08,1,48
244,14,-1,1536,8,4,1,0,0,0,0,0,1535,1,0x17,0x16,1,8
245,14,-1,1568,8,8,1,0,0,0,0,0,1567,1,0x10,0x17,1,8
246,14,-1,384,34,2,1,0,0,0,0,0,383,1,0x68,0x00,1,34
247,14,-1,40,128,2,1,0,0,0,0,0,39,4,0x73,0x04,1,32,0x73,0x05,1,32,0x73,0x06,1,32,0x73,0x07,1,32
251,14,-1,512,32,4,1,0,0,0,0,0,511,1,0x48,0x04,1,32
252,14,-1,512,32,4,1,0,0,0,0,0,511,1,0x48,0x03,1,32
253,14,-1,72,20,2,1,0,0,0,0,0,71,1,0x73,0x17,1,20
257,14,-1,1536,8,4,1,0,0,0,0,0,1535,1,0x17,0x0E,1,8
259,14,-1,128,14,2,1,0,0,0,0,0,127,1,0x85,0x00,1,14
261,14,-1,64,88,4,1,0,0,0,0,0,63,2,0x50,0x1C,1,64,0x50,0x1D,1,24
263,14,-1,128,14,2,1,0,0,0,0,0,127,1,0x85,0x03,1,14
264,14,-1,128,14,2,1,0,0,0,0,0,127,1,0x85,0x07,1,14
265,14,-1,1536,8,4,1,0,0,0,0,0,1535,1,0x17,0x19,1,8
267,14,-1,256,48,4,1,0,0,0,0,0,255,1,0x79,0x04,1,48
268,14,-1,24,52,2,1,0,0,0,0,0,23,2,0x1C,0x0C,1,32,0x1C,0x0D,1,20
269,14,-1,1568,8,8,1,0,0,0,0,0,1567,1,0x11,0x03,1,8
270,14,-1,128,88,2,1,0,0,0,0,0,127,3,0x7A,0x15,1,32,0x7A,0x16,1,32,0x7A,0x17,1,24
271,14,-1,1568,8,8,1,0,0,0,0,0,1567,1,0x10,0x0E,1,8
272,14,-1,64,88,4,1,0,0,0,0,0,63,2,0x50,0x1A,1,64,0x50,0x1B,1,24
274,14,-1,64,88,4,1,0,0,0,0,0,63,2,0x51,0x04,1,64,0x51,0x05,1,24
275,14,-1,1536,8,4,1,0,0,0,0,0,1535,1,0x17,0x02,1,8
276,14,-1,64,88,4,1,0,0,0,0,0,63,2,0x50,0x18,1,64,0x50,0x19,1,24
278,14,-1,96,64,2,1,0,0,0,0,0,95,2,0x16,0x11,1,32,0x16,0x12,1,32
279,14,-1,72,20,2,1,0,0,0,0,0,71,1,0x73,0x16,1,20
280,14,-1,512,32,4,1,0,0,0,0,0,511,1,0x48,0x0B,1,32
281,14,-1,256,48,4,1,0,0,0,0,0,255,1,0x39,0x07,1,48
282,14,-1,128,80,2,1,0,0,0,0,0,127,3,0x3A,0x09,1,32,0x3A,0x0A,1,32,0x3A,0x0B,1,16
290,14,-1,256,48,4,1,0,0,0,0,0,255,1,0x79,0x09,1,48
292,14,-1,128,14,2,1,0,0,0,0,0,127,1,0x85,0x02,1,14
293,14,-1,1568,8,8,1,0,0,0,0,0,1567,1,0x10,0x11,1,8
294,14,-1,1536,8,4,1,0,0,0,0,0,1535,1,0x17,0x0F,1,8
295,14,-1,216,36,1,1,0,0,0,0,0,215,2,0x69,0x08,1,32,0x69,0x09,1,4
296,14,-1,96,128,2,1,0,0,0,0,0,95,4,0x15,0x04,1,32,0x15,0x05,1,32,0x15,0x06,1,32,0x15,0x07,1,32
297,14,-1,1568,8,8,1,0,0,0,0,0,1567,1,0x10,0x0F,1,8
299,14,-1,1536,8,4,1,0,0,0,0,0,1535,1,0x17,0x18,1,8
301,14,-1,1536,8,4,1,0,0,0,0,0,1535,1,0x17,0x17,1,8
302,14,-1,1536,8,4,1,0,0,0,0,0,1535,1,0x17,0x06,1,8
303,14,-1,1568,8,8,1,0,0,0,0,0,1567,1,0x10,0x0C,1,8
305,14,-1,64,88,4,1,0,0,0,0,0,63,2,0x70,0x1C,1,64,0x70,0x1D,1,24
306,14,-1,512,32,4,1,0,0,0,0,0,511,1,0x48,0x09,1,32
307,14,-1,1568,8,8,1,0,0,0,0,0,1567,1,0x11,0x08,1,8
309,14,-1,1536,8,4,1,0,0,0,0,0,1535,1,0x16,0x13,1,8
310,14,-1,20,68,1,1,0,0,0,0,0,19,3,0x61,0x06,1,32,0x61,0x07,1,32,0x61,0x08,1,4
313,14,-1,1536,8,4,1,0,0,0,0,0,1535,1,0x17,0x12,1,8
314,14,-1,16,24,2,1,0,0,0,0,0,15,1,0x1C,0x18,1,24
316,14,-1,1568,8,8,1,0,0,0,0,0,1567,1,0x10,0x09,1,8
318,14,-1,1536,8,4,1,0,0,0,0,0,1535,1,0x17,0x11,1,8
319,14,-1,1568,8,8,1,0,0,0,0,0,1567,1,0x10,0x0A,1,8
321,14,-1,128,14,2,1,0,0,0,0,0,127,1,0x85,0x05,1,14
325,14,-1,240,20,4,1,0,0,0,0,0,239,1,0x1C,0x0F,1,20
326,14,-1,64,88,4,1,0,0,0,0,0,63,2,0x71,0x04,1,64,0x71,0x05,1,24
327,14,-1,32768,32,32,1,0,0,0,0,0,32767,1,0x88,0x00,1,32
328,14,-1,1536,8,4,1,0,0,0,0,0,1535,1,0x17,0x05,1,8
329,14,-1,1568,8,8,1,0,0,0,0,0,1567,1,0x10,0x0B,1,8
330,14,-1,512,32,4,1,0,0,0,0,0,511,1,0x48,0x01,1,32
331,14,-1,1568,8,8,1,0,0,0,0,0,1567,1,0x11,0x09,1,8
332,14,-1,1536,8,4,1,0,0,0,0,0,1535,1,0x17,0x1D,1,8
333,14,-1,16,16,2,1,0,0,0,0,0,15,1,0x72,0x19,1,16
334,14,-1,1568,8,8,1,0,0,0,0,0,1567,1,0x10,0x1A,1,8
335,14,-1,1536,8,4,1,0,0,0,0,0,1535,1,0x17,0x08,1,8
336,14,-1,256,48,4,1,0,0,0,0,0,255,1,0x39,0x04,1,48
337,14,-1,72,20,2,1,0,0,0,0,0,71,1,0x53,0x17,1,20
338,14,-1,128,14,2,1,0,0,0,0,0,127,1,0x85,0x04,1,14
340,14,-1,1536,8,4,1,0,0,0,0,0,1535,1,0x17,0x0A,1,8
342,14,-1,1568,8,8,1,0,0,0,0,0,1567,1,0x11,0x02,1,8
343,14,-1,1568,8,8,1,0,0,0,0,0,1567,1,0x10,0x13,1,8
344,14,-1,1568,8,8,1,0,0,0,0,0,1567,1,0x10,0x0D,1,8
345,14,-1,1536,8,4,1,0,0,0,0,0,1535,1,0x17,0x01,1,8
347,14,-1,128,14,2,1,0,0,0,0,0,127,1,0x85,0x06,1,14
387,12,-1,64,36,2,1,0,0,0,0,0,63,1,0x10,0x01,1,36
389,12,-1,128,50,4,1,0,0,0,0,0,127,1,0x22,0x04,1,50
395,12,-1,128,50,4,1,0,0,0,0,0,127,1,0x12,0x03,1,50
398,12,-1,64,36,2,1,0,0,0,0,0,63,1,0x20,0x06,1,36
404,12,-1,64,36,2,1,0,0,0,0,0,63,1,0x30,0x00,1,36
407,12,-1,64,36,2,1,0,0,0,0,0,63,1,0x31,0x02,1,36
421,12,-1,32768,32,32,1,0,0,0,0,0,32767,1,0x00,0x00,1,32
422,12,-1,128,50,4,1,0,0,0,0,0,127,1,0x12,0x07,1,50
426,12,-1,64,36,2,1,0,0,0,0,0,63,1,0x33,0x03,1,36
431,12,-1,64,36,2,1,0,0,0,0,0,63,1,0x10,0x07,1,36
433,12,-1,128,50,4,1,0,0,0,0,0,127,1,0x12,0x00,1,50
435,12,-1,128,32,4,1,0,0,0,0,0,127,1,0x11,0x00,1,32
438,12,-1,128,32,4,1,0,0,0,0,0,127,1,0x11,0x01,1,32
439,12,-1,64,36,2,1,0,0,0,0,0,63,1,0x30,0x02,1,36
440,12,-1,64,36,2,1,0,0,0,0,0,63,1,0x20,0x00,1,36
446,12,-1,256,32,4,1,0,0,0,0,0,255,1,0x21,0x04,1,32
450,12,-1,64,36,2,1,0,0,0,0,0,63,1,0x32,0x02,1,36
452,12,-1,64,48,4,1,0,0,0,0,0,63,1,0x34,0x01,1,48
461,12,-1,64,36,2,1,0,0,0,0,0,63,1,0x20,0x07,1,36
465,12,-1,128,32,4,1,0,0,0,0,0,127,1,0x11,0x03,1,32
473,12,-1,128,50,4,1,0,0,0,0,0,127,1,0x22,0x03,1,50
485,12,-1,128,50,4,1,0,0,0,0,0,127,1,0x12,0x04,1,50
486,12,-1,512,16,4,1,0,0,0,0,0,511,1,0x13,0x04,1,16
490,12,-1,512,16,4,1,0,0,0,0,0,511,1,0x13,0x02,1,16
493,12,-1,64,36,2,1,0,0,0,0,0,63,1,0x32,0x00,1,36
498,12,-1,64,36,2,1,0,0,0,0,0,63,1,0x10,0x05,1,36
502,12,-1,64,48,4,1,0,0,0,0,0,63,1,0x34,0x00,1,48
504,12,-1,64,36,2,1,0,0,0,0,0,63,1,0x10,0x02,1,36
511,12,-1,512,16,4,1,0,0,0,0,0,511,1,0x23,0x00,1,16
515,12,-1,64,36,2,1,0,0,0,0,0,63,1,0x20,0x03,1,36
516,12,-1,128,32,4,1,0,0,0,0,0,127,1,0x21,0x00,1,32
533,12,-1,64,36,2,1,0,0,0,0,0,63,1,0x32,0x01,1,36
536,12,-1,512,16,4,1,0,0,0,0,0,511,1,0x13,0x03,1,16
543,12,-1,64,36,2,1,0,0,0,0,0,63,1,0x10,0x04,1,36
545,12,-1,128,50,4,1,0,0,0,0,0,127,1,0x22,0x05,1,50
546,12,-1,64,36,2,1,0,0,0,0,0,63,1,0x20,0x02,1,36
554,12,-1,64,36,2,1,0,0,0,0,0,63,1,0x30,0x01,1,36
566,12,-1,128,32,4,1,0,0,0,0,0,127,1,0x21,0x03,1,32
571,12,-1,512,16,4,1,0,0,0,0,0,511,1,0x23,0x03,1,16
574,12,-1,64,36,2,1,0,0,0,0,0,63,1,0x33,0x02,1,36
579,12,-1,128,50,4,1,0,0,0,0,0,127,1,0x22,0x06,1,50
581,12,-1,256,32,4,1,0,0,0,0,0,255,1,0x11,0x04,1,32
599,12,-1,128,50,4,1,0,0,0,0,0,127,1,0x22,0x01,1,50
600,12,-1,64,36,2,1,0,0,0,0,0,63,1,0x31,0x01,1,36
606,12,-1,64,36,2,1,0,0,0,0,0,63,1,0x20,0x01,1,36
612,12,-1,128,50,4,1,0,0,0,0,0,127,1,0x12,0x02,1,50
616,12,-1,64,36,2,1,0,0,0,0,0,63,1,0x20,0x05,1,36
619,12,-1,128,50,4,1,0,0,0,0,0,127,1,0x12,0x05,1,50
621,12,-1,64,36,2,1,0,0,0,0,0,63,1,0x33,0x01,1,36
623,12,-1,512,16,4,1,0,0,0,0,0,511,1,0x23,0x01,1,16
636,12,-1,64,36,2,1,0,0,0,0,0,63,1,0x10,0x03,1,36
637,12,-1,512,16,4,1,0,0,0,0,0,511,1,0x23,0x04,1,16
641,12,-1,64,36,2,1,0,0,0,0,0,63,1,0x20,0x04,1,36
650,12,-1,128,32,4,1,0,0,0,0,0,127,1,0x21,0x02,1,32
653,12,-1,512,16,4,1,0,0,0,0,0,511,1,0x13,0x01,1,16
661,12,-1,64,36,2,1,0,0,0,0,0,63,1,0x30,0x03,1,36
663,12,-1,64,36,2,1,0,0,0,0,0,63,1,0x10,0x00,1,36
668,12,-1,64,36,2,1,0,0,0,0,0,63,1,0x31,0x03,1,36
672,12,-1,128,32,4,1,0,0,0,0,0,127,1,0x21,0x01,1,32
677,12,-1,64,36,2,1,0,0,0,0,0,63,1,0x31,0x00,1,36
679,12,-1,128,50,4,1,0,0,0,0,0,127,1,0x22,0x07,1,50
682,12,-1,128,50,4,1,0,0,0,0,0,127,1,0x22,0x02,1,50
683,12,-1,64,36,2,1,0,0,0,0,0,63,1,0x32,0x03,1,36
687,12,-1,512,16,4,1,0,0,0,0,0,511,1,0x13,0x05,1,16
688,12,-1,64,36,2,1,0,0,0,0,0,63,1,0x33,0x00,1,36
690,12,-1,512,16,4,1,0,0,0,0,0,511,1,0x23,0x05,1,16
696,12,-1,128,50,4,1,0,0,0,0,0,127,1,0x12,0x06,1,50
697,12,-1,128,50,4,1,0,0,0,0,0,127,1,0x12,0x01,1,50
699,12,-1,128,32,4,1,0,0,0,0,0,127,1,0x11,0x02,1,32
700,12,-1,64,36,2,1,0,0,0,0,0,63,1,0x10,0x06,1,36
702,12,-1,512,16,4,1,0,0,0,0,0,511,1,0x13,0x00,1,16
706,12,-1,512,16,4,1,0,0,0,0,0,511,1,0x23,0x02,1,16
1264,1,-2,512,128,4,1,1,18,0,0,0,511,2,0x58,0x00,1,64,0x58,0x01,1,64
1375,1,-2,512,128,4,1,1,18,0,0,0,511,2,0x58,0x02,1,64,0x58,0x03,1,64
2,14,-2,256,88,2,1,1,18,0,0,0,255,2,0x71,0x10,1,64,0x71,0x11,1,24
9,14,-2,256,88,2,1,1,18,0,0,0,255,2,0x71,0x18,1,64,0x71,0x19,1,24
25,14,-2,256,88,2,1,1,18,0,0,0,255,2,0x70,0x04,1,64,0x70,0x05,1,24
34,14,-2,256,88,2,1,1,18,0,0,0,255,2,0x50,0x14,1,64,0x50,0x15,1,24
38,14,-2,256,88,2,1,1,18,0,0,0,255,2,0x51,0x0C,1,64,0x51,0x0D,1,24
40,14,-2,256,88,2,1,1,18,0,0,0,255,2,0x50,0x0A,1,64,0x50,0x0B,1,24
41,14,-2,256,88,2,1,1,18,0,0,0,255,2,0x50,0x00,1,64,0x50,0x01,1,24
49,14,-2,256,88,2,1,1,18,0,0,0,255,2,0x51,0x06,1,64,0x51,0x07,1,24
71,14,-2,256,88,2,1,1,18,0,0,0,255,2,0x51,0x12,1,64,0x51,0x13,1,24
77,14,-2,256,88,2,1,1,18,0,0,0,255,2,0x50,0x04,1,64,0x50,0x05,1,24
78,14,-2,256,88,2,1,1,18,0,0,0,255,2,0x71,0x1C,1,64,0x71,0x1D,1,24
80,14,-2,256,88,2,1,1,18,0,0,0,255,2,0x50,0x06,1,64,0x50,0x07,1,24
83,14,-2,256,88,2,1,1,18,0,0,0,255,2,0x51,0x14,1,64,0x51,0x15,1,24
91,14,-2,256,88,2,1,1,18,0,0,0,255,2,0x71,0x0E,1,64,0x71,0x0F,1,24
104,14,-2,256,88,2,1,1,18,0,0,0,255,2,0x51,0x08,1,64,0x51,0x09,1,24
106,14,-2,256,88,2,1,1,18,0,0,0,255,2,0x71,0x12,1,64,0x71,0x13,1,24
108,14,-2,256,88,2,1,1,18,0,0,0,255,2,0x50,0x0C,1,64,0x50,0x0D,1,24
110,14,-2,256,88,2,1,1,18,0,0,0,255,2,0x71,0x16,1,64,0x71,0x17,1,24
114,14,-2,256,88,2,1,1,18,0,0,0,255,2,0x70,0x00,1,64,0x70,0x01,1,24
119,14,-2,256,88,2,1,1,18,0,0,0,255,2,0x70,0x10,1,64,0x70,0x11,1,24
139,14,-2,256,88,2,1,1,18,0,0,0,255,2,0x51,0x1A,1,64,0x51,0x1B,1,24
146,14,-2,256,88,2,1,1,18,0,0,0,255,2,0x71,0x08,1,64,0x71,0x09,1,24
156,14,-2,256,88,2,1,1,18,0,0,0,255,2,0x51,0x16,1,64,0x51,0x17,1,24
161,14,-2,256,88,2,1,1,18,0,0,0,255,2,0x70,0x14,1,64,0x70,0x15,1,24
163,14,-2,256,88,2,1,1,18,0,0,0,255,2,0x70,0x08,1,64,0x70,0x09,1,24
174,14,-2,256,88,2,1,1,18,0,0,0,255,2,0x50,0x10,1,64,0x50,0x11,1,24
176,14,-2,256,88,2,1,1,18,0,0,0,255,2,0x51,0x0A,1,64,0x51,0x0B,1,24
185,14,-2,256,88,2,1,1,18,0,0,0,255,2,0x50,0x16,1,64,0x50,0x17,1,24
211,14,-2,256,88,2,1,1,18,0,0,0,255,2,0x71,0x0C,1,64,0x71,0x0D,1,24
219,14,-2,256,88,2,1,1,18,0,0,0,255,2,0x71,0x1A,1,64,0x71,0x1B,1,24
222,14,-2,256,88,2,1,1,18,0,0,0,255,2,0x50,0x02,1,64,0x50,0x03,1,24
223,14,-2,256,88,2,1,1,18,0,0,0,255,2,0x71,0x14,1,64,0x71,0x15,1,24
227,14,-2,256,88,2,1,1,18,0,0,0,255,2,0x70,0x06,1,64,0x70,0x07,1,24
236,14,-2,256,88,2,1,1,18,0,0,0,255,2,0x70,0x16,1,64,0x70,0x17,1,24
249,14,-2,256,88,2,1,1,18,0,0,0,255,2,0x51,0x1C,1,64,0x51,0x1D,1,24
250,14,-2,256,88,2,1,1,18,0,0,0,255,2,0x71,0x06,1,64,0x71,0x07,1,24
254,14,-2,256,88,2,1,1,18,0,0,0,255,2,0x71,0x0A,1,64,0x71,0x0B,1,24
255,14,-2,256,88,2,1,1,18,0,0,0,255,2,0x70,0x12,1,64,0x70,0x13,1,24
256,14,-2,256,88,2,1,1,18,0,0,0,255,2,0x51,0x18,1,64,0x51,0x19,1,24
273,14,-2,256,88,2,1,1,18,0,0,0,255,2,0x70,0x02,1,64,0x70,0x03,1,24
288,14,-2,256,88,2,1,1,18,0,0,0,255,2,0x50,0x0E,1,64,0x50,0x0F,1,24
289,14,-2,256,88,2,1,1,18,0,0,0,255,2,0x50,0x08,1,64,0x50,0x09,1,24
300,14,-2,256,88,2,1,1,18,0,0,0,255,2,0x51,0x10,1,64,0x51,0x11,1,24
304,14,-2,256,88,2,1,1,18,0,0,0,255,2,0x50,0x12,1,64,0x50,0x13,1,24
311,14,-2,256,88,2,1,1,18,0,0,0,255,2,0x70,0x0A,1,64,0x70,0x0B,1,24
315,14,-2,256,88,2,1,1,18,0,0,0,255,2,0x70,0x0C,1,64,0x70,0x0D,1,24
317,14,-2,256,88,2,1,1,18,0,0,0,255,2,0x51,0x0E,1,64,0x51,0x0F,1,24
320,14,-2,256,88,2,1,1,18,0,0,0,255,2,0x70,0x0E,1,64,0x70,0x0F,1,24
386,12,-2,256,36,4,1,1,18,0,0,0,255,1,0x26,0x0A,1,36
391,12,-2,256,39,4,1,1,18,0,0,0,255,1,0x25,0x09,1,39
406,12,-2,256,36,4,1,1,18,0,0,0,255,1,0x27,0x04,1,36
412,12,-2,256,39,4,1,1,18,0,0,0,255,1,0x24,0x05,1,39
413,12,-2,256,39,4,1,1,18,0,0,0,255,1,0x28,0x07,1,39
416,12,-2,256,39,4,1,1,18,0,0,0,255,1,0x25,0x0D,1,39
417,12,-2,256,39,4,1,1,18,0,0,0,255,1,0x28,0x0F,1,39
423,12,-2,256,36,4,1,1,18,0,0,0,255,1,0x27,0x0D,1,36
424,12,-2,256,36,4,1,1,18,0,0,0,255,1,0x27,0x0A,1,36
425,12,-2,256,39,4,1,1,18,0,0,0,255,1,0x28,0x02,1,39
427,12,-2,256,36,4,1,1,18,0,0,0,255,1,0x27,0x0B,1,36
429,12,-2,256,39,4,1,1,18,0,0,0,255,1,0x28,0x06,1,39
430,12,-2,256,39,4,1,1,18,0,0,0,255,1,0x28,0x0B,1,39
443,12,-2,256,36,4,1,1,18,0,0,0,255,1,0x26,0x04,1,36
444,12,-2,256,39,4,1,1,18,0,0,0,255,1,0x24,0x04,1,39
445,12,-2,256,36,4,1,1,18,0,0,0,255,1,0x27,0x00,1,36
456,12,-2,256,39,4,1,1,18,0,0,0,255,1,0x24,0x0D,1,39
474,12,-2,256,39,4,1,1,18,0,0,0,255,1,0x25,0x03,1,39
477,12,-2,256,36,4,1,1,18,0,0,0,255,1,0x26,0x09,1,36
481,12,-2,256,36,4,1,1,18,0,0,0,255,1,0x26,0x0C,1,36
487,12,-2,256,39,4,1,1,18,0,0,0,255,1,0x24,0x08,1,39
503,12,-2,256,39,4,1,1,18,0,0,0,255,1,0x24,0x03,1,39
506,12,-2,256,39,4,1,1,18,0,0,0,255,1,0x28,0x0E,1,39
508,12,-2,256,39,4,1,1,18,0,0,0,255,1,0x25,0x0C,1,39
510,12,-2,256,39,4,1,1,18,0,0,0,255,1,0x25,0x0F,1,39
512,12,-2,256,36,4,1,1,18,0,0,0,255,1,0x26,0x0B,1,36
525,12,-2,256,39,4,1,1,18,0,0,0,255,1,0x24,0x09,1,39
526,12,-2,256,39,4,1,1,18,0,0,0,255,1,0x28,0x08,1,39
527,12,-2,256,39,4,1,1,18,0,0,0,255,1,0x24,0x0F,1,39
531,12,-2,256,39,4,1,1,18,0,0,0,255,1,0x25,0x0B,1,39
534,12,-2,256,39,4,1,1,18,0,0,0,255,1,0x25,0x00,1,39
539,12,-2,256,36,4,1,1,18,0,0,0,255,1,0x27,0x0F,1,36
540,12,-2,256,39,4,1,1,18,0,0,0,255,1,0x25,0x07,1,39
542,12,-2,256,36,4,1,1,18,0,0,0,255,1,0x27,0x01,1,36
549,12,-2,256,36,4,1,1,18,0,0,0,255,1,0x27,0x08,1,36
550,12,-2,256,36,4,1,1,18,0,0,0,255,1,0x26,0x0F,1,36
556,12,-2,256,39,4,1,1,18,0,0,0,255,1,0x28,0x00,1,39
561,12,-2,256,36,4,1,1,18,0,0,0,255,1,0x26,0x03,1,36
562,12,-2,256,39,4,1,1,18,0,0,0,255,1,0x28,0x09,1,39
563,12,-2,256,39,4,1,1,18,0,0,0,255,1,0x24,0x0A,1,39
567,12,-2,256,39,4,1,1,18,0,0,0,255,1,0x25,0x0E,1,39
568,12,-2,256,39,4,1,1,18,0,0,0,255,1,0x28,0x0D,1,39
569,12,-2,256,36,4,1,1,18,0,0,0,255,1,0x27,0x02,1,36
575,12,-2,256,36,4,1,1,18,0,0,0,255,1,0x26,0x08,1,36
580,12,-2,256,36,4,1,1,18,0,0,0,255,1,0x26,0x0E,1,36
583,12,-2,256,39,4,1,1,18,0,0,0,255,1,0x25,0x04,1,39
588,12,-2,256,39,4,1,1,18,0,0,0,255,1,0x24,0x07,1,39
590,12,-2,256,36,4,1,1,18,0,0,0,255,1,0x26,0x07,1,36
591,12,-2,256,39,4,1,1,18,0,0,0,255,1,0x28,0x05,1,39
593,12,-2,256,39,4,1,1,18,0,0,0,255,1,0x28,0x0A,1,39
602,12,-2,256,39,4,1,1,18,0,0,0,255,1,0x24,0x00,1,39
603,12,-2,256,36,4,1,1,18,0,0,0,255,1,0x26,0x00,1,36
605,12,-2,256,39,4,1,1,18,0,0,0,255,1,0x25,0x01,1,39
607,12,-2,256,36,4,1,1,18,0,0,0,255,1,0x27,0x09,1,36
609,12,-2,256,36,4,1,1,18,0,0,0,255,1,0x27,0x0C,1,36
610,12,-2,256,39,4,1,1,18,0,0,0,255,1,0x24,0x01,1,39
617,12,-2,256,39,4,1,1,18,0,0,0,255,1,0x28,0x04,1,39
625,12,-2,256,36,4,1,1,18,0,0,0,255,1,0x27,0x06,1,36
628,12,-2,256,36,4,1,1,18,0,0,0,255,1,0x27,0x05,1,36
631,12,-2,256,39,4,1,1,18,0,0,0,255,1,0x28,0x01,1,39
633,12,-2,256,39,4,1,1,18,0,0,0,255,1,0x25,0x08,1,39
634,12,-2,256,39,4,1,1,18,0,0,0,255,1,0x28,0x0C,1,39
645,12,-2,256,36,4,1,1,18,0,0,0,255,1,0x27,0x0E,1,36
654,12,-2,256,39,4,1,1,18,0,0,0,255,1,0x25,0x06,1,39
658,12,-2,256,36,4,1,1,18,0,0,0,255,1,0x27,0x03,1,36
659,12,-2,256,39,4,1,1,18,0,0,0,255,1,0x24,0x06,1,39
665,12,-2,256,36,4,1,1,18,0,0,0,255,1,0x26,0x06,1,36
666,12,-2,256,39,4,1,1,18,0,0,0,255,1,0x24,0x0B,1,39
667,12,-2,256,39,4,1,1,18,0,0,0,255,1,0x25,0x0A,1,39
670,12,-2,256,39,4,1,1,18,0,0,0,255,1,0x25,0x05,1,39
676,12,-2,256,39,4,1,1,18,0,0,0,255,1,0x24,0x02,1,39
681,12,-2,256,36,4,1,1,18,0,0,0,255,1,0x26,0x02,1,36
684,12,-2,256,39,4,1,1,18,0,0,0,255,1,0x24,0x0E,1,39
691,12,-2,256,36,4,1,1,18,0,0,0,255,1,0x26,0x05,1,36
693,12,-2,256,36,4,1,1,18,0,0,0,255,1,0x27,0x07,1,36
695,12,-2,256,39,4,1,1,18,0,0,0,255,1,0x25,0x02,1,39
701,12,-2,256,36,4,1,1,18,0,0,0,255,1,0x26,0x0D,1,36
707,12,-2,256,36,4,1,1,18,0,0,0,255,1,0x26,0x01,1,36
708,12,-2,256,39,4,1,1,18,0,0,0,255,1,0x28,0x03,1,39
